ID,Entidad Federativa,CLUES,Folio,Receta Comunitaria,Medicamento Fraccionado,Fecha Preescripcion,Fecha Surtimiento,Clave Sector Salud,Descripcion,Presentacion,Cantidad Recetada,Cantidad Expedida
8071971,Chiapas,CSIMB005343,JP1436,NO,NO,2026-09-16,2026-09-16,010.000.4300.00,Levofloxacino, Tableta Cada Tableta contiene: Levofloxacino hemihidratado equivalente a 750 mg de levofloxacino. Envase con 7 Tabletas.,1,1
8048121,Chiapas,CSIMB005343,7372,NO,NO,2026-09-15,2026-09-15,010.000.1243.00,Metoclopramida, Solución Cada ml contiene: Clorhidrato de metoclopramida 4 mg Envase frasco gotero con 20 ml.,1,0
8048121,Chiapas,CSIMB005343,7372,NO,NO,2026-09-15,2026-09-15,010.000.1270.00,SENOSIDOS A-B, SOLUCION ORAL. CADA 100 ML CONTIENEN: CONCENTRADO DE SENEQUIVALENTE A 200 MG DE SENÓSIDOS A Y B. ENVASE CON 75 ML.,1,0
8046600,Chiapas,CSIMB005343,CS0062,NO,NO,2026-09-14,2026-09-14,010.000.0811.00,FLUOCINOLONA, CREMA CADA G CONTIENE: ACETÓNIDO DE FLUOCINOLONA 0.1 MG ENVASE CON 20 G.,1,1
8046600,Chiapas,CSIMB005343,CS0062,NO,NO,2026-09-14,2026-09-14,010.000.0813.00,HIDROCORTISONA, CREMA CADA G CONTIENE: 17 BUTIRATO DE HIDROCORTISONA 1 MG ENVASE CON 15 G.,1,1
8046600,Chiapas,CSIMB005343,CS0062,NO,NO,2026-09-14,2026-09-14,010.000.0801.01,Baño coloide envase con dos sobres de 90 gramos," POLVO
  Cada gramo contiene:
  Harina de soya 965 mg.
  (contenido proteico 45%).
  Polividona 20 mg.",1,0
8046614,Chiapas,CSIMB005343,JR0680,NO,NO,2026-09-14,2026-09-14,010.000.5187.00,Omeprazol o pantoprazol, Solución Inyectable Cada frasco ámpula con liofilizado contiene: omeprazol sódico equivalente a 40 mg de omeprazol. o pantoprazol sódico equivalente a 40 mg de pantoprazol. Envase con un frasco ámpula con liofilizado y ampolleta con 10 ml de diluyente.,1,1
8046805,Chiapas,CSIMB005343,JR0679,NO,NO,2026-09-14,2026-09-14,010.000.1206.00,Butilhioscina o hioscina, Gragea o Tableta Cada Gragea o Tableta contiene: Bromuro de butilhioscina o butilbromuro de hioscina 10 mg Envase con 10 Grageas o Tabletas.,1,0
8046805,Chiapas,CSIMB005343,JR0679,NO,NO,2026-09-14,2026-09-14,010.000.4299.00,LEVOFLOXACINO TABLETA CADA TABLETA CONTIENE: LEVOFLOXACINO HEMIHIDRATADOEQUIVALENTE A 500 MG DE LEVOFLOXACINO, ENVASE CON 7 TABLETAS.,1,1
8046805,Chiapas,CSIMB005343,JR0679,NO,NO,2026-09-14,2026-09-14,010.000.3623.00,Electrolitos Orales, Solución Cada sobre con polvo contiene: Glucosa 20.0 g Cloruro de potasio 1.5 g Cloruro de sodio 3.5 g Citrato trisódico dihidratado 2.9 g Envase con 27.9 g,2,2
8046816,Chiapas,CSIMB005343,JR0678,NO,NO,2026-09-14,2026-09-14,010.000.1206.00,Butilhioscina o hioscina, Gragea o Tableta Cada Gragea o Tableta contiene: Bromuro de butilhioscina o butilbromuro de hioscina 10 mg Envase con 10 Grageas o Tabletas.,1,0
8046816,Chiapas,CSIMB005343,JR0678,NO,NO,2026-09-14,2026-09-14,010.000.1939.00,Cefalexina, Tableta o Cápsula. Cada tableta o cápsula contiene: Cefalexina monohidratada equivalente a 500 mg de cefalexina. Envase con 20 Tabletas o Cápsulas.,1,1
8046816,Chiapas,CSIMB005343,JR0678,NO,NO,2026-09-14,2026-09-14,010.000.0104.00,Paracetamol, Tableta cada tableta contiene: paracetamol 500 mg. envase con 10 tabletas.,1,1
8046812,Chiapas,CSIMB005343,JR0681,NO,NO,2026-09-14,2026-09-14,010.000.0106.00,Paracetamol, Solucion oral cada ml contiene: paracetamol 100 mg. envase con 15 ml gotero calibrado a 0.5 y 1 ml integrado o adjunto al envase que sirve de tapa.,2,2
8046812,Chiapas,CSIMB005343,JR0681,NO,NO,2026-09-14,2026-09-14,010.000.0405.00,Difenhidramina, Jarabe. Cada 100 mililitros contienen: Clorhidrato de difenhidramina 250 mg. Envase con 60 ml.,1,1
8046812,Chiapas,CSIMB005343,JR0681,NO,NO,2026-09-14,2026-09-14,010.000.0871.00,ALIBOUR, POLVO CADA GRAMO CONTIENE: SULFATO DE COBRE 177.0 MG SULFATO DE ZINC 619.5 MG ALCANFOR 26.5 MG ENVASE CON 12 SOBRES CON 2.2 G.,1,1
8046827,Chiapas,CSIMB005343,JR0677,NO,NO,2026-09-14,2026-09-14,010.000.1243.00,Metoclopramida, Solución Cada ml contiene: Clorhidrato de metoclopramida 4 mg Envase frasco gotero con 20 ml.,1,0
8046827,Chiapas,CSIMB005343,JR0677,NO,NO,2026-09-14,2026-09-14,010.000.3623.00,Electrolitos Orales, Solución Cada sobre con polvo contiene: Glucosa 20.0 g Cloruro de potasio 1.5 g Cloruro de sodio 3.5 g Citrato trisódico dihidratado 2.9 g Envase con 27.9 g,2,2
8046851,Chiapas,CSIMB005343,JR0676,NO,NO,2026-09-14,2026-09-14,010.000.2162.00,Ipratropio, Suspensión en aerosol Cada g contiene: Bromuro de ipratropio 0.286 mg (20 µgpor nebulización) Envase con 15 ml (21.0 g) como Aerosol.,1,1
8046851,Chiapas,CSIMB005343,JR0676,NO,NO,2026-09-14,2026-09-14,010.000.0402.00,Clorfenamina, Tableta. Cada tableta contiene: Maleato de clorfenamina 4.0 mg Envase con 20 Tabletas.,1,1
8046862,Chiapas,CSIMB005343,JR0675,NO,NO,2026-09-14,2026-09-14,010.000.1206.00,Butilhioscina o hioscina, Gragea o Tableta Cada Gragea o Tableta contiene: Bromuro de butilhioscina o butilbromuro de hioscina 10 mg Envase con 10 Grageas o Tabletas.,1,0
8046862,Chiapas,CSIMB005343,JR0675,NO,NO,2026-09-14,2026-09-14,010.000.1210.01,Pinaverio, Tableta Cada Tableta contiene: Bromuro de pinaverio 100 mg Envase con 28 Tabletas.,1,0
8046862,Chiapas,CSIMB005343,JR0675,NO,NO,2026-09-14,2026-09-14,010.000.1271.00,Plántago psyllium, Polvo Cada 100 g contienen: Polvo de cáscara de semilla de plántago psyllium 49.7 g Envase con 400 g.,1,1
8046868,Chiapas,CSIMB005343,JR0674,NO,NO,2026-09-14,2026-09-14,010.000.0811.00,FLUOCINOLONA, CREMA CADA G CONTIENE: ACETÓNIDO DE FLUOCINOLONA 0.1 MG ENVASE CON 20 G.,1,1
8046868,Chiapas,CSIMB005343,JR0674,NO,NO,2026-09-14,2026-09-14,010.000.0872.00,CLIOQUINOL," CREMA 
  Cada g contiene: Clioquinol 30 mg. 
  Envase con 20 g.",1,1
8046868,Chiapas,CSIMB005343,JR0674,NO,NO,2026-09-14,2026-09-14,010.000.0891.00,Miconazol, Crema Cada gramo contiene: Nitrato de miconazol 20 mg Envase con 20 g.,1,1
8046876,Chiapas,CSIMB005343,JR0673,NO,NO,2026-09-14,2026-09-14,010.000.0811.00,FLUOCINOLONA, CREMA CADA G CONTIENE: ACETÓNIDO DE FLUOCINOLONA 0.1 MG ENVASE CON 20 G.,1,1
8046876,Chiapas,CSIMB005343,JR0673,NO,NO,2026-09-14,2026-09-14,010.000.0872.00,CLIOQUINOL," CREMA 
  Cada g contiene: Clioquinol 30 mg. 
  Envase con 20 g.",1,1
8046876,Chiapas,CSIMB005343,JR0673,NO,NO,2026-09-14,2026-09-14,010.000.0871.00,ALIBOUR, POLVO CADA GRAMO CONTIENE: SULFATO DE COBRE 177.0 MG SULFATO DE ZINC 619.5 MG ALCANFOR 26.5 MG ENVASE CON 12 SOBRES CON 2.2 G.,1,1
8046888,Chiapas,CSIMB005343,JR0672,NO,NO,2026-09-14,2026-09-14,010.000.5941.00,Ibuprofeno, Tableta O Cápsula: Cada Tableta o Cápsula contiene: Ibuprofeno 400 mg Envase con 10 Tabletas o Cápsulas,1,0
8046888,Chiapas,CSIMB005343,JR0672,NO,NO,2026-09-14,2026-09-14,010.000.1929.00,AMPICILINA TABLETA O CAPSULA CADA TABLETA O CAPSULA CONTIENE: AMPICILINAANHIDRA O AMPICILINA TRIHIDRATADA EQUIVALENTE A 500 MG DE AMPICILINA, ENVASECON 20 TABLETAS O CAPSULAS.,1,1
8047021,Chiapas,CSIMB005343,CS0062,NO,NO,2026-09-14,2026-09-14,010.000.1904.00,Trimetoprima-sulfametoxazol, Suspensión Oral Cada 5 ml contienen: Trimetoprima 40 mg Sulfametoxazol 200 mg Envase con 120 ml y dosificador.,1,1
8047021,Chiapas,CSIMB005343,CS0062,NO,NO,2026-09-14,2026-09-14,010.000.1243.00,Metoclopramida, Solución Cada ml contiene: Clorhidrato de metoclopramida 4 mg Envase frasco gotero con 20 ml.,1,1
8047021,Chiapas,CSIMB005343,CS0062,NO,NO,2026-09-14,2026-09-14,010.000.0106.00,Paracetamol, Solucion oral cada ml contiene: paracetamol 100 mg. envase con 15 ml gotero calibrado a 0.5 y 1 ml integrado o adjunto al envase que sirve de tapa.,1,1
8047239,Chiapas,CSIMB005343,CS0066,NO,NO,2026-09-14,2026-09-14,010.000.1904.00,Trimetoprima-sulfametoxazol, Suspensión Oral Cada 5 ml contienen: Trimetoprima 40 mg Sulfametoxazol 200 mg Envase con 120 ml y dosificador.,2,2
8047239,Chiapas,CSIMB005343,CS0066,NO,NO,2026-09-14,2026-09-14,010.000.2463.00,Ambroxol, Solución Cada 100 ml contienen: Clorhidrato de ambroxol 300 mg Envase con 120 ml y dosificador.,1,1
8071971,Chiapas,CSIMB005343,JP1436,NO,NO,2026-09-16,2026-09-16,010.000.1206.00,Butilhioscina o hioscina, Gragea o Tableta Cada Gragea o Tableta contiene: Bromuro de butilhioscina o butilbromuro de hioscina 10 mg Envase con 10 Grageas o Tabletas.,1,0
8071971,Chiapas,CSIMB005343,JP1436,NO,NO,2026-09-16,2026-09-16,010.000.0108.00,Metamizol sodico, Comprimido cada comprimido contiene: metamizol sódico 500 mg. envase con 10 comprimidos.,1,0
8071967,Chiapas,CSIMB005343,JP1435,NO,NO,2026-09-16,2026-09-16,010.000.0104.00,Paracetamol, Tableta cada tableta contiene: paracetamol 500 mg. envase con 10 tabletas.,2,2
8071967,Chiapas,CSIMB005343,JP1435,NO,NO,2026-09-16,2026-09-16,010.000.1939.00,Cefalexina, Tableta o Cápsula. Cada tableta o cápsula contiene: Cefalexina monohidratada equivalente a 500 mg de cefalexina. Envase con 20 Tabletas o Cápsulas.,2,2
8071977,Chiapas,CSIMB005343,JP1437,NO,NO,2026-09-16,2026-09-16,010.000.1206.00,Butilhioscina o hioscina, Gragea o Tableta Cada Gragea o Tableta contiene: Bromuro de butilhioscina o butilbromuro de hioscina 10 mg Envase con 10 Grageas o Tabletas.,1,0
8047408,Chiapas,CSIMB005343,CS0066,NO,NO,2026-09-14,2026-09-14,010.000.3111.00,Difenidol, Tableta. Cada tableta contiene: Clorhidrato de difenidol equivalente a 25 mg de difenidol Envase con 30 Tabletas.,2,2
8047408,Chiapas,CSIMB005343,CS0066,NO,NO,2026-09-14,2026-09-14,010.000.3417.00,Diclofenaco, Cápsula o gragea de liberación prolongada. Cada gragea contiene: Diclofenaco sódico 100 mg Envase con 20 Cápsulas o Grageas.,1,1
8047451,Chiapas,CSIMB005343,CS0066,NO,NO,2026-09-14,2026-09-14,010.000.5295.00,CEFEPIMA, SOLUCION INYECTABLE. CADA FRASCO AMPULA CONTIENE: CLORHIDRATOMONOHIDRATADO DE CEFEPIMA EQUIVALENTE A 1 G DE CEFEPIMA. ENVASE CON UN FRASCOAMPULA Y AMPOLLETA CON 3 ML DE DILUYENTE.,5,5
8047451,Chiapas,CSIMB005343,CS0066,NO,NO,2026-09-14,2026-09-14,010.000.4241.00,Dexametasona, Solución Inyectable. Cada frasco ámpula o ampolleta contiene: Fosfato sódico de dexametasona equivalente a 8 mg de fosfato de dexametasona. Envase con un frasco ámpula o ampolleta con 2 ml.,3,3
8047451,Chiapas,CSIMB005343,CS0066,NO,NO,2026-09-14,2026-09-14,010.000.3417.00,Diclofenaco, Cápsula o gragea de liberación prolongada. Cada gragea contiene: Diclofenaco sódico 100 mg Envase con 20 Cápsulas o Grageas.,1,1
8071977,Chiapas,CSIMB005343,JP1437,NO,NO,2026-09-16,2026-09-16,010.000.0108.00,Metamizol sodico, Comprimido cada comprimido contiene: metamizol sódico 500 mg. envase con 10 comprimidos.,1,0
8071977,Chiapas,CSIMB005343,JP1437,NO,NO,2026-09-16,2026-09-16,010.000.3622.00,ELECTROLITOS ORALES, POLVO (FÓRMULA DE OSMOLARIDAD BAJA) CADA SOBRE CON POLVO CONTIENE: GLUCOSA ANHIDRA O GLUCOSA 13.5 G CLORURO DE POTASIO 1.5 G CLORURO DE SODIO 2.6 G CITRATO TRISÓDICO DIHIDRATADO 2.9 G ENVASE CON 20.5 G,2,0
8071979,Chiapas,CSIMB005343,KP1438,NO,NO,2026-09-16,2026-09-16,010.000.1927.00,Dicloxacilina, Suspensión Oral. Cada 5 ml contienen: Dicloxacilina sódica 250 mg Envase con polvo para 60 ml y dosificador.,1,0
8071979,Chiapas,CSIMB005343,KP1438,NO,NO,2026-09-16,2026-09-16,010.000.0106.00,Paracetamol, Solucion oral cada ml contiene: paracetamol 100 mg. envase con 15 ml gotero calibrado a 0.5 y 1 ml integrado o adjunto al envase que sirve de tapa.,2,2
8071982,Chiapas,CSIMB005343,JC146,NO,NO,2026-09-16,2026-09-16,010.000.4241.00,Dexametasona, Solución Inyectable. Cada frasco ámpula o ampolleta contiene: Fosfato sódico de dexametasona equivalente a 8 mg de fosfato de dexametasona. Envase con un frasco ámpula o ampolleta con 2 ml.,3,3
8071982,Chiapas,CSIMB005343,JC146,NO,NO,2026-09-16,2026-09-16,010.000.5942.00,Ibuprofeno, Tableta O Cápsula: Cada Tableta o Cápsula contiene: Ibuprofeno 600 mg Envase con 10 Cápsulas,1,0
8071998,Chiapas,CSIMB005343,JC147,NO,NO,2026-09-16,2026-09-16,010.000.0109.00,Metamizol sodico, Solucion inyectable cada ampolleta contiene: metamizol sódico 1 g. envase con 3 ampolletas con 2 ml.,1,1
8071998,Chiapas,CSIMB005343,JC147,NO,NO,2026-09-16,2026-09-16,010.000.4483.01,Fluoxetina, Cápsula o Tableta Cada Cápsula o Tableta contiene: Clorhidrato de fluoxetina equivalente a 20 mg de fluoxetina. Envase con 28 Cápsulas o Tabletas.,1,1
8072001,Chiapas,CSIMB005343,JC148,NO,NO,2026-09-16,2026-09-16,010.000.4300.00,Levofloxacino, Tableta Cada Tableta contiene: Levofloxacino hemihidratado equivalente a 750 mg de levofloxacino. Envase con 7 Tabletas.,1,1
8072001,Chiapas,CSIMB005343,JC148,NO,NO,2026-09-16,2026-09-16,010.000.5942.00,Ibuprofeno, Tableta O Cápsula: Cada Tableta o Cápsula contiene: Ibuprofeno 600 mg Envase con 10 Cápsulas,1,0
8072005,Chiapas,CSIMB005343,JC149,NO,NO,2026-09-16,2026-09-16,010.000.1926.00,Dicloxacilina, Cápsula o comprimido. Cada cápsula o comprimido contiene: Dicloxacilina sódica 500 mg Envase con 20 Cápsulas o Comprimidos.,1,0
8072005,Chiapas,CSIMB005343,JC149,NO,NO,2026-09-16,2026-09-16,010.000.5942.00,Ibuprofeno, Tableta O Cápsula: Cada Tableta o Cápsula contiene: Ibuprofeno 600 mg Envase con 10 Cápsulas,1,0
8072008,Chiapas,CSIMB005343,JC150,NO,NO,2026-09-16,2026-09-16,010.000.2145.00,Loratadina, Jarabe Cada 100 ml contienen: Loratadina 100 mg Envase con 60 ml y dosificador.,2,2
8072008,Chiapas,CSIMB005343,JC150,NO,NO,2026-09-16,2026-09-16,010.000.5943.00,Ibuprofeno, Suspensión Oral Cada 100 ml contienen: Ibuprofeno 2 g Envase con 120 ml y medida dosificadora,1,0
8072008,Chiapas,CSIMB005343,JC150,NO,NO,2026-09-16,2026-09-16,010.000.0804.00,Óxido de zinc, Pasta Cada 100 g contienen: Óxido de zinc 25. 0 g Envase con 30 g.,2,2
8072009,Chiapas,CSIMB005343,JC7881,NO,NO,2026-09-16,2026-09-16,010.000.3622.00,ELECTROLITOS ORALES, POLVO (FÓRMULA DE OSMOLARIDAD BAJA) CADA SOBRE CON POLVO CONTIENE: GLUCOSA ANHIDRA O GLUCOSA 13.5 G CLORURO DE POTASIO 1.5 G CLORURO DE SODIO 2.6 G CITRATO TRISÓDICO DIHIDRATADO 2.9 G ENVASE CON 20.5 G,6,0
8072033,Chiapas,CSIMB005343,JC7882,NO,NO,2026-09-16,2026-09-16,010.000.0103.00,Ácido acetilsalicilico, Tableta soluble o efervescente cada tableta soluble o efervescente contiene: acido acetilsalicílico 300 mg. envase con 20 tabletas solubles o efervescentes.,1,0
8072083,Chiapas,CSIMB005343,JC7883,NO,NO,2026-09-16,2026-09-16,010.000.1206.00,Butilhioscina o hioscina, Gragea o Tableta Cada Gragea o Tableta contiene: Bromuro de butilhioscina o butilbromuro de hioscina 10 mg Envase con 10 Grageas o Tabletas.,1,0
8072207,Chiapas,CSIMB005343,JC7884,NO,NO,2026-09-16,2026-09-16,010.000.4358.01,Pregabalina, Cápsula Cada Cápsula contiene: Pregabalina 150 mg Envase con 28 Cápsulas,1,1
8047700,Chiapas,CSIMB005343,CS0066,NO,NO,2026-09-14,2026-09-14,010.000.3422.00,Ketorolaco ,solucion inyectable cada frasco ámpula o ampolleta contiene: ketorolaco-trometamina 30 mg envase con 3 frascos ámpula o 3 ampolletas de 1 ml,1,1
8047700,Chiapas,CSIMB005343,CS0066,NO,NO,2026-09-14,2026-09-14,010.000.5187.00,Omeprazol o pantoprazol, Solución Inyectable Cada frasco ámpula con liofilizado contiene: omeprazol sódico equivalente a 40 mg de omeprazol. o pantoprazol sódico equivalente a 40 mg de pantoprazol. Envase con un frasco ámpula con liofilizado y ampolleta con 10 ml de diluyente.,1,1
8047700,Chiapas,CSIMB005343,CS0066,NO,NO,2026-09-14,2026-09-14,010.000.1224.00,Aluminio y magnesio, Suspensión Oral Cada 100 ml contienen: Hidróxido de aluminio 3.7 g Hidróxido de magnesio 4.0 g o trisilicato de magnesio: 8.9 g Envase con 240 ml y dosificador.,1,1
8047821,Chiapas,CSIMB005343,7369,NO,NO,2026-09-15,2026-09-15,010.000.0106.00,Paracetamol, Solucion oral cada ml contiene: paracetamol 100 mg. envase con 15 ml gotero calibrado a 0.5 y 1 ml integrado o adjunto al envase que sirve de tapa.,1,1
8047821,Chiapas,CSIMB005343,7369,NO,NO,2026-09-15,2026-09-15,010.000.0597.00,Nifedipino, Cápsula de Gelatina blanda Cada Cápsula contiene: Nifedipino 10 mg Envase con 20 Cápsulas.,1,1
8047821,Chiapas,CSIMB005343,7369,NO,NO,2026-09-15,2026-09-15,010.000.0104.00,Paracetamol, Tableta cada tableta contiene: paracetamol 500 mg. envase con 10 tabletas.,1,1
8072211,Chiapas,CSIMB005343,JC7885,NO,NO,2026-09-16,2026-09-16,010.000.1308.01,Metronidazol, Tableta Cada Tableta contiene: Metronidazol 500 mg Envase con 30 Tabletas.,1,1
8072211,Chiapas,CSIMB005343,JC7885,NO,NO,2026-09-16,2026-09-16,010.000.1242.00,Metoclopramida, Tableta Cada Tableta contiene: Clorhidrato de metoclopramida 10 mg Envase con 20 Tabletas.,1,1
8072211,Chiapas,CSIMB005343,JC7885,NO,NO,2026-09-16,2026-09-16,010.000.3417.00,Diclofenaco, Cápsula o gragea de liberación prolongada. Cada gragea contiene: Diclofenaco sódico 100 mg Envase con 20 Cápsulas o Grageas.,1,1
8072488,Chiapas,CSIMB005343,JC7886,NO,NO,2026-09-17,2026-09-17,010.000.5943.00,Ibuprofeno, Suspensión Oral Cada 100 ml contienen: Ibuprofeno 2 g Envase con 120 ml y medida dosificadora,1,0
7914913,Chiapas,CSIMB005343,7530,NO,NO,2026-09-07,2026-09-07,010.000.1926.00,Dicloxacilina, Cápsula o comprimido. Cada cápsula o comprimido contiene: Dicloxacilina sódica 500 mg Envase con 20 Cápsulas o Comprimidos.,2,0
7914913,Chiapas,CSIMB005343,7530,NO,NO,2026-09-07,2026-09-07,010.000.1308.00,Metronidazol,TABLETA Cada tableta contiene: Metronidazol 500 mg. Envase con 20 tabletas.,1,1
7914913,Chiapas,CSIMB005343,7530,NO,NO,2026-09-07,2026-09-07,010.000.4246.00,CLOPIDOGREL, GRAGEA O TABLETA. CADA GRAGEA O TABLETA CONTIENE: BISULFATO DE CLOPIDOGREL O BISULFATO DE CLOPIDOGREL (POLIMORFO FORMA 2) EQUIVALENTE A 75 MG DE CLOPIDOGREL. ENVASE CON 14 GRAGEAS O TABLETAS.,2,2
7914929,Chiapas,CSIMB005343,7657,NO,NO,2026-09-07,2026-09-07,010.000.0104.00,Paracetamol, Tableta cada tableta contiene: paracetamol 500 mg. envase con 10 tabletas.,1,1
7914929,Chiapas,CSIMB005343,7657,NO,NO,2026-09-07,2026-09-07,010.000.3407.00,Naproxeno, Tableta Cada Tableta contiene: Naproxeno 250 mg Envase con 30 Tabletas.,1,0
7928831,Chiapas,CSIMB005343,CS0054,NO,NO,2026-09-07,2026-09-07,010.000.0104.00,Paracetamol, Tableta cada tableta contiene: paracetamol 500 mg. envase con 10 tabletas.,1,1
7928837,Chiapas,CSIMB005343,CS0053,NO,NO,2026-09-07,2026-09-07,010.000.4241.00,Dexametasona, Solución Inyectable. Cada frasco ámpula o ampolleta contiene: Fosfato sódico de dexametasona equivalente a 8 mg de fosfato de dexametasona. Envase con un frasco ámpula o ampolleta con 2 ml.,2,2
7915463,Chiapas,CSIMB005343,7570,NO,NO,2026-09-07,2026-09-07,010.000.4241.00,Dexametasona, Solución Inyectable. Cada frasco ámpula o ampolleta contiene: Fosfato sódico de dexametasona equivalente a 8 mg de fosfato de dexametasona. Envase con un frasco ámpula o ampolleta con 2 ml.,1,1
7915463,Chiapas,CSIMB005343,7570,NO,NO,2026-09-07,2026-09-07,010.000.5941.00,Ibuprofeno, Tableta O Cápsula: Cada Tableta o Cápsula contiene: Ibuprofeno 400 mg Envase con 10 Tabletas o Cápsulas,1,1
7915486,Chiapas,CSIMB005343,7529,NO,NO,2026-09-07,2026-09-07,010.000.1911.00,Nitrofurantoína, Cápsula Cada Cápsula contiene: Nitrofurantoína 100 mg Envase con 40 Cápsulas.,2,2
7928850,Chiapas,CSIMB005343,CS0052,NO,NO,2026-09-07,2026-09-07,010.000.4241.00,Dexametasona, Solución Inyectable. Cada frasco ámpula o ampolleta contiene: Fosfato sódico de dexametasona equivalente a 8 mg de fosfato de dexametasona. Envase con un frasco ámpula o ampolleta con 2 ml.,2,2
7915556,Chiapas,CSIMB005343,7592,NO,NO,2026-09-07,2026-09-07,010.000.3417.00,Diclofenaco, Cápsula o gragea de liberación prolongada. Cada gragea contiene: Diclofenaco sódico 100 mg Envase con 20 Cápsulas o Grageas.,1,1
7915677,Chiapas,CSIMB005343,7569,NO,NO,2026-09-07,2026-09-07,010.000.4158.00,Insulina glargina, Solución Inyectable Cada ml de Solución contiene: Insulina glargina 3.64 mg equivalente a 100.0 UI de insulina humana. Envase con un frasco ámpula con 10 ml.,1,1
7915677,Chiapas,CSIMB005343,7569,NO,NO,2026-09-07,2026-09-07,010.000.5165.00,METFORMINA, TABLETA Cada tableta contiene: Clorhidrato de metformina 850 mg. Envase con 30 tabletas.,1,1
7915677,Chiapas,CSIMB005343,7569,NO,NO,2026-09-07,2026-09-07,010.000.2540.00,Telmisartán, Tableta Cada Tableta contiene: Telmisartán 40 mg Envase con 30 Tabletas.,1,1
7928850,Chiapas,CSIMB005343,CS0052,NO,NO,2026-09-07,2026-09-07,010.000.3423.00,Meloxicam, Tableta Cada Tableta contiene: Meloxicam 15 mg Envase con 10 Tabletas,1,0
7915360,Chiapas,CSIMB005343,7572,NO,NO,2026-09-07,2026-09-07,010.000.1701.00,Fumarato ferroso, Tableta. Cada tableta contiene: Fumarato ferroso 200 mg equivalente a 65.74 mg de hierro elemental. Envase con 50 Tabletas.,1,1
7915360,Chiapas,CSIMB005343,7572,NO,NO,2026-09-07,2026-09-07,010.000.4376.00,Multivitaminas (polivitaminas) y minerales, Tableta Cápsula o Gragea. Cada tableta cápsula o gragea contiene: Clorhidrato de tiamina (vitamina B1) 5.0 a 10.0 mg. Riboflavina (vitamina B2) 2.5 a 10.0 mg. Clorhidrato de piridoxina (vitamina B6) 2.0 a 5.0 mg. Nicotinamida (niacinamida) 10.0 a 100.0 mg. Cianocobalamina (vitamina B12) 3.0 a 5.0 µg. Acetato de alfatocoferol (vitamina E) 3.0 a 20.0 mg. Retinol (vitamina A) 2000.0 a 10000.0 UI. Colecalciferol (vitamina D3) 200.0 a 1000.0 UI. Acido pantoténico 2.0 a 7.0 mg. Sulfato ferroso 15.0 a 60.0 mg. Sulfato de cobre 1.0 a 4.0 mg. Yoduro o fosfato de potasio 0.15 a 4.0 mg. Glicerofosfato sulfato o hiposulfito de magnesio 1.0 a 8.00 mg. Fosfato de magnesio 5.0 a 133.0 mg. Cloruro fosfato o sulfato de zinc 3.0 a 25.0 mg. Envase con 30 tabletas cápsulas o grageas.,1,1
7919064,Chiapas,CSIMB005343,7593,NO,NO,2026-09-07,2026-09-07,010.000.6346.00,MEDROXIPROGESTERONA, SUSPENSIÓN INYECTABLE Cada jeringa contiene: Acetato de medroxiprogesterona 104.000 mg Caja con jeringa prellenada (104 mg/0.65 mL) e instructivo anexo.,1,1
7937105,Chiapas,CSIMB005343,7651,NO,NO,2026-09-08,2026-09-08,010.000.0402.00,Clorfenamina, Tableta. Cada tableta contiene: Maleato de clorfenamina 4.0 mg Envase con 20 Tabletas.,1,1
7937105,Chiapas,CSIMB005343,7651,NO,NO,2026-09-08,2026-09-08,010.000.0104.00,Paracetamol, Tableta cada tableta contiene: paracetamol 500 mg. envase con 10 tabletas.,1,1
7937162,Chiapas,CSIMB005343,7669,NO,NO,2026-09-08,2026-09-08,010.000.1903.00,Trimetoprima-sulfametoxazol, Comprimido o Tableta Cada Comprimido o Tableta contiene: Trimetoprima 80 mg Sulfametoxazol 400 mg Envase con 20 Comprimidos o Tabletas.,2,2
7937353,Chiapas,CSIMB005343,7674,NO,NO,2026-09-08,2026-09-08,010.000.3407.00,Naproxeno, Tableta Cada Tableta contiene: Naproxeno 250 mg Envase con 30 Tabletas.,1,0
7937339,Chiapas,CSIMB005343,7660,NO,NO,2026-09-08,2026-09-08,010.000.0104.00,Paracetamol, Tableta cada tableta contiene: paracetamol 500 mg. envase con 10 tabletas.,1,1
7919368,Chiapas,CSIMB005343,7571,NO,NO,2026-09-07,2026-09-07,010.000.0405.00,Difenhidramina, Jarabe. Cada 100 mililitros contienen: Clorhidrato de difenhidramina 250 mg. Envase con 60 ml.,1,1
7919368,Chiapas,CSIMB005343,7571,NO,NO,2026-09-07,2026-09-07,010.000.2463.00,Ambroxol, Solución Cada 100 ml contienen: Clorhidrato de ambroxol 300 mg Envase con 120 ml y dosificador.,1,1
7919368,Chiapas,CSIMB005343,7571,NO,NO,2026-09-07,2026-09-07,010.000.1098.00,Vitaminas A C y D, Solución. Cada ml contiene: Palmitato de Retinol 7000 a 9000 UI. Ácido ascórbico 80 a 125 mg. Colecalciferol 1400 a 1800 UI. Envase con 15 ml.,1,1
7919078,Chiapas,CSIMB005343,7533,NO,NO,2026-09-07,2026-09-07,010.000.1972.00,ERITROMICINA, SUSPENSIÓN ORAL CADA 5 ML CONTIENEN: ESTEARATO O ETILSUCCINATO O ESTOLATO DE ERITROMICINA EQUIVALENTE A 250 MG DE ERITROMICINA. ENVASE CON POLVO PARA 100 ML Y DOSIFICADOR.,2,0
7919134,Chiapas,CSIMB005343,7534,NO,NO,2026-09-07,2026-09-07,010.000.2144.00,Loratadina, Tableta o gragea. Cada tableta o gragea contienen: Loratadina 10 mg. Envase con 20 tabletas o grageas.,1,0
7919134,Chiapas,CSIMB005343,7534,NO,NO,2026-09-07,2026-09-07,010.000.2142.00,CLORFENAMINA, SOLUCIÓN INYECTABLE CADA AMPOLLETA CONTIENE: MALEATO DE CLORFENAMINA 10 MG ENVASE CON 5 AMPOLLETAS CON 1 ML.,1,0
7919444,Chiapas,CSIMB005343,7532,NO,NO,2026-09-07,2026-09-07,010.000.3413.00,Indometacina, Cápsula Cada Cápsula contiene: Indometacina 25 mg Envase con 30 Cápsulas.,1,1
7900281,Chiapas,CSIMB005343,JR0647,NO,NO,2026-09-04,2026-09-04,010.000.5941.00,Ibuprofeno, Tableta O Cápsula: Cada Tableta o Cápsula contiene: Ibuprofeno 400 mg Envase con 10 Tabletas o Cápsulas,1,1
7900314,Chiapas,CSIMB005343,JR0650,NO,NO,2026-09-04,2026-09-04,010.000.3417.00,Diclofenaco, Cápsula o gragea de liberación prolongada. Cada gragea contiene: Diclofenaco sódico 100 mg Envase con 20 Cápsulas o Grageas.,1,1
7900321,Chiapas,CSIMB005343,JR0649,NO,NO,2026-09-04,2026-09-04,010.000.1206.00,Butilhioscina o hioscina, Gragea o Tableta Cada Gragea o Tableta contiene: Bromuro de butilhioscina o butilbromuro de hioscina 10 mg Envase con 10 Grageas o Tabletas.,1,1
7900256,Chiapas,CSIMB005343,JR0644,NO,NO,2026-09-04,2026-09-04,010.000.0104.00,Paracetamol, Tableta cada tableta contiene: paracetamol 500 mg. envase con 10 tabletas.,1,1
7900256,Chiapas,CSIMB005343,JR0644,NO,NO,2026-09-04,2026-09-04,010.000.2714.00,Complejo b, Tableta Comprimido o Cápsula. Cada tableta Comprimido o Cápsula contiene: Mononitrato o clorhidrato de Tiamina 100 mg. Clorhidrato de piridoxina 5 mg. Cianocobalamina 50 µg Envase con 30 Tabletas Comprimidos o Cápsulas.,1,0
7900256,Chiapas,CSIMB005343,JR0644,NO,NO,2026-09-04,2026-09-04,010.000.3623.00,Electrolitos Orales, Solución Cada sobre con polvo contiene: Glucosa 20.0 g Cloruro de potasio 1.5 g Cloruro de sodio 3.5 g Citrato trisódico dihidratado 2.9 g Envase con 27.9 g,2,2
7900278,Chiapas,CSIMB005343,JR0645,NO,NO,2026-09-04,2026-09-04,010.000.3111.00,Difenidol, Tableta. Cada tableta contiene: Clorhidrato de difenidol equivalente a 25 mg de difenidol Envase con 30 Tabletas.,1,1
7900278,Chiapas,CSIMB005343,JR0645,NO,NO,2026-09-04,2026-09-04,010.000.4299.00,LEVOFLOXACINO TABLETA CADA TABLETA CONTIENE: LEVOFLOXACINO HEMIHIDRATADOEQUIVALENTE A 500 MG DE LEVOFLOXACINO, ENVASE CON 7 TABLETAS.,2,0
7900278,Chiapas,CSIMB005343,JR0645,NO,NO,2026-09-04,2026-09-04,010.000.3623.00,Electrolitos Orales, Solución Cada sobre con polvo contiene: Glucosa 20.0 g Cloruro de potasio 1.5 g Cloruro de sodio 3.5 g Citrato trisódico dihidratado 2.9 g Envase con 27.9 g,3,3
7900292,Chiapas,CSIMB005343,JR0648,NO,NO,2026-09-04,2026-09-04,010.000.1310.00,Metronidazol, Suspensión Oral Cada 5 ml contienen: Benzoilo de metronidazol equivalente a 250 mg de metronidazol. Envase con 120 ml y dosificador.,1,1
7900292,Chiapas,CSIMB005343,JR0648,NO,NO,2026-09-04,2026-09-04,010.000.1904.00,Trimetoprima-sulfametoxazol, Suspensión Oral Cada 5 ml contienen: Trimetoprima 40 mg Sulfametoxazol 200 mg Envase con 120 ml y dosificador.,2,2
7900292,Chiapas,CSIMB005343,JR0648,NO,NO,2026-09-04,2026-09-04,010.000.5943.00,Ibuprofeno, Suspensión Oral Cada 100 ml contienen: Ibuprofeno 2 g Envase con 120 ml y medida dosificadora,1,0
7900309,Chiapas,CSIMB005343,JR0648,NO,NO,2026-09-04,2026-09-04,010.000.3623.00,Electrolitos Orales, Solución Cada sobre con polvo contiene: Glucosa 20.0 g Cloruro de potasio 1.5 g Cloruro de sodio 3.5 g Citrato trisódico dihidratado 2.9 g Envase con 27.9 g,2,2
7900351,Chiapas,CSIMB005343,JR0643,NO,NO,2026-09-04,2026-09-04,010.000.1364.00,LIDOCAÍNA - HIDROCORTISONA, SUPOSITORIO CADA SUPOSITORIO CONTIENE: LIDOCAÍNA 60 MG ACETATO DE HIDROCORTISONA 5 MG ÓXIDO DE ZINC 400 MG SUBACETATO DE ALUMINIO 50 MG ENVASE CON 6 SUPOSITORIOS.,1,1
7900351,Chiapas,CSIMB005343,JR0643,NO,NO,2026-09-04,2026-09-04,010.000.1363.00,LIDOCAÍNA - HIDROCORTISONA, UNGÜENTO CADA 100 GRAMOS CONTIENE: LIDOCAÍNA 5 G ACETATO DE HIDROCORTISONA 0.25 G SUBACETATO DE ALUMINIO 3.50 G ÓXIDO DE ZINC 18 G ENVASE CON 20 G Y APLICADOR.,1,0
7900351,Chiapas,CSIMB005343,JR0643,NO,NO,2026-09-04,2026-09-04,010.000.1271.00,Plántago psyllium, Polvo Cada 100 g contienen: Polvo de cáscara de semilla de plántago psyllium 49.7 g Envase con 400 g.,1,1
7900389,Chiapas,CSIMB005343,7368,NO,NO,2026-09-04,2026-09-04,010.000.2123.00,Mupirocina, Ungüento Cada 100 gramos contiene: Mupirocina 2 g Envase con 15 g.,1,0
7900389,Chiapas,CSIMB005343,7368,NO,NO,2026-09-04,2026-09-04,010.000.5943.00,Ibuprofeno, Suspensión Oral Cada 100 ml contienen: Ibuprofeno 2 g Envase con 120 ml y medida dosificadora,1,1
7900373,Chiapas,CSIMB005343,7526,NO,NO,2026-09-04,2026-09-04,010.000.5186.00,Pantoprazol o rabeprazol u omeprazol, Tableta o Gragea o Cápsula Cada Tableta o Gragea o Cápsula contiene: Pantoprazol 40 mg o Rabeprazol sódico 20 mg u omeprazol 20 mg Envase con 7 Tabletas o Grageas o Cápsulas,2,2
7900373,Chiapas,CSIMB005343,7526,NO,NO,2026-09-04,2026-09-04,010.000.1224.00,Aluminio y magnesio, Suspensión Oral Cada 100 ml contienen: Hidróxido de aluminio 3.7 g Hidróxido de magnesio 4.0 g o trisilicato de magnesio: 8.9 g Envase con 240 ml y dosificador.,2,2
7900357,Chiapas,CSIMB005343,7589,NO,NO,2026-09-04,2026-09-04,010.000.2804.00,NAFAZOLINA, SOLUCIÓN OFTÁLMICA CADA ML CONTIENE: CLORHIDRATO DE NAFAZOLINA 1 MG ENVASE CON GOTERO INTEGRAL CON 15 ML.,1,1
7900364,Chiapas,CSIMB005343,7568,NO,NO,2026-09-04,2026-09-04,010.000.2463.00,Ambroxol, Solución Cada 100 ml contienen: Clorhidrato de ambroxol 300 mg Envase con 120 ml y dosificador.,2,2
7900364,Chiapas,CSIMB005343,7568,NO,NO,2026-09-04,2026-09-04,010.000.3417.00,Diclofenaco, Cápsula o gragea de liberación prolongada. Cada gragea contiene: Diclofenaco sódico 100 mg Envase con 20 Cápsulas o Grageas.,1,1
7881567,Chiapas,CSIMB005343,JR0633,NO,NO,2026-09-03,2026-09-03,010.000.5941.00,Ibuprofeno, Tableta O Cápsula: Cada Tableta o Cápsula contiene: Ibuprofeno 400 mg Envase con 10 Tabletas o Cápsulas,1,1
7900246,Chiapas,CSIMB005343,7367,NO,NO,2026-09-04,2026-09-04,010.000.4300.00,Levofloxacino, Tableta Cada Tableta contiene: Levofloxacino hemihidratado equivalente a 750 mg de levofloxacino. Envase con 7 Tabletas.,1,1
7900249,Chiapas,CSIMB005343,7366,NO,NO,2026-09-04,2026-09-04,010.000.2821.00,Cloranfenicol, Solución oftálmica. Cada ml contiene: Cloranfenicol levógiro 5 mg Envase con gotero integral con 15 ml.,1,1
7900249,Chiapas,CSIMB005343,7366,NO,NO,2026-09-04,2026-09-04,010.000.2463.00,Ambroxol, Solución Cada 100 ml contienen: Clorhidrato de ambroxol 300 mg Envase con 120 ml y dosificador.,1,1
7900249,Chiapas,CSIMB005343,7366,NO,NO,2026-09-04,2026-09-04,010.000.5943.00,Ibuprofeno, Suspensión Oral Cada 100 ml contienen: Ibuprofeno 2 g Envase con 120 ml y medida dosificadora,1,1
7900268,Chiapas,CSIMB005343,JR0646,NO,NO,2026-09-04,2026-09-04,010.000.1206.00,Butilhioscina o hioscina, Gragea o Tableta Cada Gragea o Tableta contiene: Bromuro de butilhioscina o butilbromuro de hioscina 10 mg Envase con 10 Grageas o Tabletas.,1,0
7900268,Chiapas,CSIMB005343,JR0646,NO,NO,2026-09-04,2026-09-04,010.000.1308.01,Metronidazol, Tableta Cada Tableta contiene: Metronidazol 500 mg Envase con 30 Tabletas.,1,0
7900268,Chiapas,CSIMB005343,JR0646,NO,NO,2026-09-04,2026-09-04,010.000.3623.00,Electrolitos Orales, Solución Cada sobre con polvo contiene: Glucosa 20.0 g Cloruro de potasio 1.5 g Cloruro de sodio 3.5 g Citrato trisódico dihidratado 2.9 g Envase con 27.9 g,3,3
7900281,Chiapas,CSIMB005343,JR0647,NO,NO,2026-09-04,2026-09-04,010.000.1926.00,Dicloxacilina, Cápsula o comprimido. Cada cápsula o comprimido contiene: Dicloxacilina sódica 500 mg Envase con 20 Cápsulas o Comprimidos.,1,1
7905648,Chiapas,CSIMB005343,7345,NO,NO,2026-09-05,2026-09-05,010.000.0599.00,Nifedipino, Comprimido de Liberación Prolongada Cada Comprimido contiene: Nifedipino 30 mg Envase con 30 Comprimidos.,2,2
7905648,Chiapas,CSIMB005343,7345,NO,NO,2026-09-05,2026-09-05,010.000.2714.00,Complejo b, Tableta Comprimido o Cápsula. Cada tableta Comprimido o Cápsula contiene: Mononitrato o clorhidrato de Tiamina 100 mg. Clorhidrato de piridoxina 5 mg. Cianocobalamina 50 µg Envase con 30 Tabletas Comprimidos o Cápsulas.,2,2
7905648,Chiapas,CSIMB005343,7345,NO,NO,2026-09-05,2026-09-05,010.000.2540.00,Telmisartán, Tableta Cada Tableta contiene: Telmisartán 40 mg Envase con 30 Tabletas.,2,2
7905695,Chiapas,CSIMB005343,7445,NO,NO,2026-09-05,2026-09-05,010.000.1272.00,Senósidos a-b, Tableta Cada Tableta contiene: Concentrados de Sen desecados 187 mg (normalizado a 8.6 mg de senósidos A-B). Envase con 20 Tabletas.,1,1
7905695,Chiapas,CSIMB005343,7445,NO,NO,2026-09-05,2026-09-05,010.000.1271.00,Plántago psyllium, Polvo Cada 100 g contienen: Polvo de cáscara de semilla de plántago psyllium 49.7 g Envase con 400 g.,1,1
7905695,Chiapas,CSIMB005343,7445,NO,NO,2026-09-05,2026-09-05,010.000.1242.00,Metoclopramida, Tableta Cada Tableta contiene: Clorhidrato de metoclopramida 10 mg Envase con 20 Tabletas.,1,1
7905709,Chiapas,CSIMB005343,7586,NO,NO,2026-09-05,2026-09-05,010.000.1903.00,Trimetoprima-sulfametoxazol, Comprimido o Tableta Cada Comprimido o Tableta contiene: Trimetoprima 80 mg Sulfametoxazol 400 mg Envase con 20 Comprimidos o Tabletas.,1,1
7905709,Chiapas,CSIMB005343,7586,NO,NO,2026-09-05,2026-09-05,010.000.4184.00,Loperamida, Comprimido tableta o gragea. Cada comprimido tableta o gragea contiene: Clorhidrato de loperamida 2 mg. Envase con 12 comprimidos tabletas o grageas.,1,1
7905684,Chiapas,CSIMB005343,7552,NO,NO,2026-09-05,2026-09-05,010.000.1926.00,Dicloxacilina, Cápsula o comprimido. Cada cápsula o comprimido contiene: Dicloxacilina sódica 500 mg Envase con 20 Cápsulas o Comprimidos.,1,1
7905684,Chiapas,CSIMB005343,7552,NO,NO,2026-09-05,2026-09-05,010.000.0104.00,Paracetamol, Tableta cada tableta contiene: paracetamol 500 mg. envase con 10 tabletas.,1,1
7905749,Chiapas,CSIMB005343,7583,NO,NO,2026-09-05,2026-09-05,010.000.0822.02,BENZOILO," LOCIÓN DÉRMICA O GEL DÉRMICO. 
  Cada 100 mililitros o gramos contienen: Peróxido de benzoilo 5 g. Envase con 60 g.",1,0
7905749,Chiapas,CSIMB005343,7583,NO,NO,2026-09-05,2026-09-05,010.000.0891.00,Miconazol, Crema Cada gramo contiene: Nitrato de miconazol 20 mg Envase con 20 g.,2,2
7905722,Chiapas,CSIMB005343,7443,NO,NO,2026-09-05,2026-09-05,010.000.1903.00,Trimetoprima-sulfametoxazol, Comprimido o Tableta Cada Comprimido o Tableta contiene: Trimetoprima 80 mg Sulfametoxazol 400 mg Envase con 20 Comprimidos o Tabletas.,1,1
7905722,Chiapas,CSIMB005343,7443,NO,NO,2026-09-05,2026-09-05,010.000.1308.01,Metronidazol, Tableta Cada Tableta contiene: Metronidazol 500 mg Envase con 30 Tabletas.,1,1
7905722,Chiapas,CSIMB005343,7443,NO,NO,2026-09-05,2026-09-05,010.000.1224.00,Aluminio y magnesio, Suspensión Oral Cada 100 ml contienen: Hidróxido de aluminio 3.7 g Hidróxido de magnesio 4.0 g o trisilicato de magnesio: 8.9 g Envase con 240 ml y dosificador.,2,2
7905735,Chiapas,CSIMB005343,7444,NO,NO,2026-09-05,2026-09-05,010.000.2127.00,Amoxicilina, Suspensión Oral Cada frasco con polvo contiene: Amoxicilina trihidratada equivalente a 7.5 g de amoxicilina. Envase con polvo para 75 ml (500 mg/5 ml).,1,0
7905735,Chiapas,CSIMB005343,7444,NO,NO,2026-09-05,2026-09-05,010.000.0106.00,Paracetamol, Solucion oral cada ml contiene: paracetamol 100 mg. envase con 15 ml gotero calibrado a 0.5 y 1 ml integrado o adjunto al envase que sirve de tapa.,1,1
7905735,Chiapas,CSIMB005343,7444,NO,NO,2026-09-05,2026-09-05,010.000.2463.00,Ambroxol, Solución Cada 100 ml contienen: Clorhidrato de ambroxol 300 mg Envase con 120 ml y dosificador.,1,0
7905749,Chiapas,CSIMB005343,7583,NO,NO,2026-09-05,2026-09-05,010.000.0822.02,BENZOILO," LOCIÓN DÉRMICA O GEL DÉRMICO. 
  Cada 100 mililitros o gramos contienen: Peróxido de benzoilo 5 g. Envase con 60 g.",1,0
7905749,Chiapas,CSIMB005343,7583,NO,NO,2026-09-05,2026-09-05,010.000.0891.00,Miconazol, Crema Cada gramo contiene: Nitrato de miconazol 20 mg Envase con 20 g.,2,2
7905785,Chiapas,CSIMB005343,7440,NO,NO,2026-09-05,2026-09-05,010.000.2127.00,Amoxicilina, Suspensión Oral Cada frasco con polvo contiene: Amoxicilina trihidratada equivalente a 7.5 g de amoxicilina. Envase con polvo para 75 ml (500 mg/5 ml).,1,0
7905785,Chiapas,CSIMB005343,7440,NO,NO,2026-09-05,2026-09-05,010.000.5943.00,Ibuprofeno, Suspensión Oral Cada 100 ml contienen: Ibuprofeno 2 g Envase con 120 ml y medida dosificadora,1,1
7905785,Chiapas,CSIMB005343,7440,NO,NO,2026-09-05,2026-09-05,010.000.2463.00,Ambroxol, Solución Cada 100 ml contienen: Clorhidrato de ambroxol 300 mg Envase con 120 ml y dosificador.,1,1
7905791,Chiapas,CSIMB005343,7441,NO,NO,2026-09-05,2026-09-05,010.000.1939.00,Cefalexina, Tableta o Cápsula. Cada tableta o cápsula contiene: Cefalexina monohidratada equivalente a 500 mg de cefalexina. Envase con 20 Tabletas o Cápsulas.,1,1
7905791,Chiapas,CSIMB005343,7441,NO,NO,2026-09-05,2026-09-05,010.000.3407.00,Naproxeno, Tableta Cada Tableta contiene: Naproxeno 250 mg Envase con 30 Tabletas.,1,0
7905791,Chiapas,CSIMB005343,7441,NO,NO,2026-09-05,2026-09-05,010.000.5501.00,Diclofenaco, Solución inyectable. Cada ampolleta contiene: Diclofenaco sódico 75 mg Envase con 2 ampolletas con 3 ml.,1,1
7905803,Chiapas,CSIMB005343,7442,NO,NO,2026-09-05,2026-09-05,010.000.2127.00,Amoxicilina, Suspensión Oral Cada frasco con polvo contiene: Amoxicilina trihidratada equivalente a 7.5 g de amoxicilina. Envase con polvo para 75 ml (500 mg/5 ml).,1,0
7905803,Chiapas,CSIMB005343,7442,NO,NO,2026-09-05,2026-09-05,010.000.0106.00,Paracetamol, Solucion oral cada ml contiene: paracetamol 100 mg. envase con 15 ml gotero calibrado a 0.5 y 1 ml integrado o adjunto al envase que sirve de tapa.,2,2
7905803,Chiapas,CSIMB005343,7442,NO,NO,2026-09-05,2026-09-05,010.000.2463.00,Ambroxol, Solución Cada 100 ml contienen: Clorhidrato de ambroxol 300 mg Envase con 120 ml y dosificador.,1,0
7905815,Chiapas,CSIMB005343,7584,NO,NO,2026-09-05,2026-09-05,010.000.1972.00,ERITROMICINA, SUSPENSIÓN ORAL CADA 5 ML CONTIENEN: ESTEARATO O ETILSUCCINATO O ESTOLATO DE ERITROMICINA EQUIVALENTE A 250 MG DE ERITROMICINA. ENVASE CON POLVO PARA 100 ML Y DOSIFICADOR.,1,0
7905815,Chiapas,CSIMB005343,7584,NO,NO,2026-09-05,2026-09-05,010.000.0106.00,Paracetamol, Solucion oral cada ml contiene: paracetamol 100 mg. envase con 15 ml gotero calibrado a 0.5 y 1 ml integrado o adjunto al envase que sirve de tapa.,1,1
7905826,Chiapas,CSIMB005343,7446,NO,NO,2026-09-05,2026-09-05,010.000.2230.00,Amoxicilina acido clavulánico, Tableta Cada Tableta contiene: amoxicilina trihidratada equivalente a 500 mg de amoxilina. Clavulanato de potasio equivalente a 125 mg de ácido clavulánico. Envase con 12 Tabletas.,1,0
7905826,Chiapas,CSIMB005343,7446,NO,NO,2026-09-05,2026-09-05,010.000.0104.00,Paracetamol, Tableta cada tableta contiene: paracetamol 500 mg. envase con 10 tabletas.,1,1
7933740,Chiapas,CSIMB005343,7594,NO,NO,2026-09-08,2026-09-08,010.000.4158.00,Insulina glargina, Solución Inyectable Cada ml de Solución contiene: Insulina glargina 3.64 mg equivalente a 100.0 UI de insulina humana. Envase con un frasco ámpula con 10 ml.,3,3
7933740,Chiapas,CSIMB005343,7594,NO,NO,2026-09-08,2026-09-08,010.000.2714.00,Complejo b, Tableta Comprimido o Cápsula. Cada tableta Comprimido o Cápsula contiene: Mononitrato o clorhidrato de Tiamina 100 mg. Clorhidrato de piridoxina 5 mg. Cianocobalamina 50 µg Envase con 30 Tabletas Comprimidos o Cápsulas.,1,1
7933740,Chiapas,CSIMB005343,7594,NO,NO,2026-09-08,2026-09-08,010.000.0891.00,Miconazol, Crema Cada gramo contiene: Nitrato de miconazol 20 mg Envase con 20 g.,1,1
7933789,Chiapas,CSIMB005343,7672,NO,NO,2026-09-08,2026-09-08,010.000.2471.00,CLORFENAMINA COMPUESTA," TABLETA CADA TABLETA CONTIENE PARACETAMOL 500 MG,CAFEINA 25 MG, CLORHIDRATO DE FENILEFRINA 5 MG, MALEATO DE CLORFENAMINA 4 MG,ENVASE CON 10 TABLETAS",2,0
7933789,Chiapas,CSIMB005343,7672,NO,NO,2026-09-08,2026-09-08,010.000.4241.00,Dexametasona, Solución Inyectable. Cada frasco ámpula o ampolleta contiene: Fosfato sódico de dexametasona equivalente a 8 mg de fosfato de dexametasona. Envase con un frasco ámpula o ampolleta con 2 ml.,1,1
7933829,Chiapas,CSIMB005343,7646,NO,NO,2026-09-08,2026-09-08,010.000.1969.00,Azitromicina, Tableta Cada Tableta contiene: Azitromicina dihidratada equivalente a 500 mg de azitromicina Envase con 3 Tabletas.,2,2
7933829,Chiapas,CSIMB005343,7646,NO,NO,2026-09-08,2026-09-08,010.000.5941.00,Ibuprofeno, Tableta O Cápsula: Cada Tableta o Cápsula contiene: Ibuprofeno 400 mg Envase con 10 Tabletas o Cápsulas,1,1
7933863,Chiapas,CSIMB005343,7647,NO,NO,2026-09-08,2026-09-08,010.000.0402.00,Clorfenamina, Tableta. Cada tableta contiene: Maleato de clorfenamina 4.0 mg Envase con 20 Tabletas.,1,1
7933863,Chiapas,CSIMB005343,7647,NO,NO,2026-09-08,2026-09-08,010.000.0104.00,Paracetamol, Tableta cada tableta contiene: paracetamol 500 mg. envase con 10 tabletas.,1,1
7933863,Chiapas,CSIMB005343,7647,NO,NO,2026-09-08,2026-09-08,010.000.2520.00,Losartán, Gragea o comprimido recubierto. Cada gragea o comprimido recubierto contiene: Losartán potásico 50 mg. Envase con 30 grageas o comprimidos recubiertos.,1,1
7933709,Chiapas,CSIMB005343,7668,NO,NO,2026-09-08,2026-09-08,010.000.4255.00,Ciprofloxacino, Cápsula o Tableta Cada Cápsula o Tableta contiene: Clorhidrato de ciprofloxacino monohidratado equivalente a 250 mg de ciprofloxacino. Envase con 8 Cápsulas o Tabletas.,3,0
7933709,Chiapas,CSIMB005343,7668,NO,NO,2026-09-08,2026-09-08,010.000.0104.00,Paracetamol, Tableta cada tableta contiene: paracetamol 500 mg. envase con 10 tabletas.,1,1
7933614,Chiapas,CSIMB005343,7667,NO,NO,2026-09-08,2026-09-08,010.000.1972.00,ERITROMICINA, SUSPENSIÓN ORAL CADA 5 ML CONTIENEN: ESTEARATO O ETILSUCCINATO O ESTOLATO DE ERITROMICINA EQUIVALENTE A 250 MG DE ERITROMICINA. ENVASE CON POLVO PARA 100 ML Y DOSIFICADOR.,2,0
7933614,Chiapas,CSIMB005343,7667,NO,NO,2026-09-08,2026-09-08,010.000.2463.00,Ambroxol, Solución Cada 100 ml contienen: Clorhidrato de ambroxol 300 mg Envase con 120 ml y dosificador.,1,1
7933614,Chiapas,CSIMB005343,7667,NO,NO,2026-09-08,2026-09-08,010.000.0104.00,Paracetamol, Tableta cada tableta contiene: paracetamol 500 mg. envase con 10 tabletas.,1,1
7933644,Chiapas,CSIMB005343,7645,NO,NO,2026-09-08,2026-09-08,010.000.5941.00,Ibuprofeno, Tableta O Cápsula: Cada Tableta o Cápsula contiene: Ibuprofeno 400 mg Envase con 10 Tabletas o Cápsulas,1,1
7933644,Chiapas,CSIMB005343,7645,NO,NO,2026-09-08,2026-09-08,010.000.2463.00,Ambroxol, Solución Cada 100 ml contienen: Clorhidrato de ambroxol 300 mg Envase con 120 ml y dosificador.,2,2
7933644,Chiapas,CSIMB005343,7645,NO,NO,2026-09-08,2026-09-08,010.000.2144.00,Loratadina, Tableta o gragea. Cada tableta o gragea contienen: Loratadina 10 mg. Envase con 20 tabletas o grageas.,1,1
7933709,Chiapas,CSIMB005343,7668,NO,NO,2026-09-08,2026-09-08,010.000.3623.00,Electrolitos Orales, Solución Cada sobre con polvo contiene: Glucosa 20.0 g Cloruro de potasio 1.5 g Cloruro de sodio 3.5 g Citrato trisódico dihidratado 2.9 g Envase con 27.9 g,3,3
7933985,Chiapas,CSIMB005343,7595,NO,NO,2026-09-08,2026-09-08,010.000.5941.00,Ibuprofeno, Tableta O Cápsula: Cada Tableta o Cápsula contiene: Ibuprofeno 400 mg Envase con 10 Tabletas o Cápsulas,1,1
7933985,Chiapas,CSIMB005343,7595,NO,NO,2026-09-08,2026-09-08,010.000.4376.00,Multivitaminas (polivitaminas) y minerales, Tableta Cápsula o Gragea. Cada tableta cápsula o gragea contiene: Clorhidrato de tiamina (vitamina B1) 5.0 a 10.0 mg. Riboflavina (vitamina B2) 2.5 a 10.0 mg. Clorhidrato de piridoxina (vitamina B6) 2.0 a 5.0 mg. Nicotinamida (niacinamida) 10.0 a 100.0 mg. Cianocobalamina (vitamina B12) 3.0 a 5.0 µg. Acetato de alfatocoferol (vitamina E) 3.0 a 20.0 mg. Retinol (vitamina A) 2000.0 a 10000.0 UI. Colecalciferol (vitamina D3) 200.0 a 1000.0 UI. Acido pantoténico 2.0 a 7.0 mg. Sulfato ferroso 15.0 a 60.0 mg. Sulfato de cobre 1.0 a 4.0 mg. Yoduro o fosfato de potasio 0.15 a 4.0 mg. Glicerofosfato sulfato o hiposulfito de magnesio 1.0 a 8.00 mg. Fosfato de magnesio 5.0 a 133.0 mg. Cloruro fosfato o sulfato de zinc 3.0 a 25.0 mg. Envase con 30 tabletas cápsulas o grageas.,1,1
7881651,Chiapas,CSIMB005343,JR0632,NO,NO,2026-09-03,2026-09-03,010.000.0104.00,Paracetamol, Tableta cada tableta contiene: paracetamol 500 mg. envase con 10 tabletas.,1,1
7881651,Chiapas,CSIMB005343,JR0632,NO,NO,2026-09-03,2026-09-03,010.000.2144.00,Loratadina, Tableta o gragea. Cada tableta o gragea contienen: Loratadina 10 mg. Envase con 20 tabletas o grageas.,1,0
7881651,Chiapas,CSIMB005343,JR0632,NO,NO,2026-09-03,2026-09-03,010.000.0474.00,Hidrocortisona, Solución Inyectable Cada frasco ámpula contiene: Succinato sódico de hidrocortisona equivalente a 100 mg de hidrocortisona. Envase con 50 frascos ámpula y 50 ampolletas con 2 ml de diluyente.,1,1
7881720,Chiapas,CSIMB005343,JR0634,NO,NO,2026-09-03,2026-09-03,010.000.5941.00,Ibuprofeno, Tableta O Cápsula: Cada Tableta o Cápsula contiene: Ibuprofeno 400 mg Envase con 10 Tabletas o Cápsulas,1,1
7881720,Chiapas,CSIMB005343,JR0634,NO,NO,2026-09-03,2026-09-03,010.000.1969.00,Azitromicina, Tableta Cada Tableta contiene: Azitromicina dihidratada equivalente a 500 mg de azitromicina Envase con 3 Tabletas.,1,1
7881720,Chiapas,CSIMB005343,JR0634,NO,NO,2026-09-03,2026-09-03,010.000.3623.00,Electrolitos Orales, Solución Cada sobre con polvo contiene: Glucosa 20.0 g Cloruro de potasio 1.5 g Cloruro de sodio 3.5 g Citrato trisódico dihidratado 2.9 g Envase con 27.9 g,2,2
7881998,Chiapas,CSIMB005343,JR0635,NO,NO,2026-09-03,2026-09-03,010.000.3417.00,Diclofenaco, Cápsula o gragea de liberación prolongada. Cada gragea contiene: Diclofenaco sódico 100 mg Envase con 20 Cápsulas o Grageas.,1,1
7883095,Chiapas,CSIMB005343,07508,NO,NO,2026-09-03,2026-09-03,010.000.1206.00,Butilhioscina o hioscina, Gragea o Tableta Cada Gragea o Tableta contiene: Bromuro de butilhioscina o butilbromuro de hioscina 10 mg Envase con 10 Grageas o Tabletas.,1,1
7883095,Chiapas,CSIMB005343,07508,NO,NO,2026-09-03,2026-09-03,010.000.1903.00,Trimetoprima-sulfametoxazol, Comprimido o Tableta Cada Comprimido o Tableta contiene: Trimetoprima 80 mg Sulfametoxazol 400 mg Envase con 20 Comprimidos o Tabletas.,1,1
7883095,Chiapas,CSIMB005343,07508,NO,NO,2026-09-03,2026-09-03,010.000.1224.00,Aluminio y magnesio, Suspensión Oral Cada 100 ml contienen: Hidróxido de aluminio 3.7 g Hidróxido de magnesio 4.0 g o trisilicato de magnesio: 8.9 g Envase con 240 ml y dosificador.,1,1
7883099,Chiapas,CSIMB005343,07509,NO,NO,2026-09-03,2026-09-03,010.000.5186.01,Pantoprazol o rabeprazol u omeprazol, Tableta o Gragea o Cápsula Cada Tableta o Gragea o Cápsula contiene: Pantoprazol 40 mg o Rabeprazol sódico 20 mg u omeprazol 20 mg Envase con 14 Tabletas o Grageas o Cápsulas,1,1
7883099,Chiapas,CSIMB005343,07509,NO,NO,2026-09-03,2026-09-03,010.000.5187.00,Omeprazol o pantoprazol, Solución Inyectable Cada frasco ámpula con liofilizado contiene: omeprazol sódico equivalente a 40 mg de omeprazol. o pantoprazol sódico equivalente a 40 mg de pantoprazol. Envase con un frasco ámpula con liofilizado y ampolleta con 10 ml de diluyente.,1,1
7883099,Chiapas,CSIMB005343,07509,NO,NO,2026-09-03,2026-09-03,010.000.1207.00,Butilhioscina o hioscina, Solución Inyectable Cada ampolleta contiene: Bromuro de butilhioscina o butilbromuro de hioscina 20 mg Envase con 3 ampolletas de 1 ml.,1,1
7883102,Chiapas,CSIMB005343,07512,NO,NO,2026-09-03,2026-09-03,010.000.3623.00,Electrolitos Orales, Solución Cada sobre con polvo contiene: Glucosa 20.0 g Cloruro de potasio 1.5 g Cloruro de sodio 3.5 g Citrato trisódico dihidratado 2.9 g Envase con 27.9 g,3,3
7883113,Chiapas,CSIMB005343,07573,NO,NO,2026-09-03,2026-09-03,010.000.2145.00,Loratadina, Jarabe Cada 100 ml contienen: Loratadina 100 mg Envase con 60 ml y dosificador.,1,1
7883113,Chiapas,CSIMB005343,07573,NO,NO,2026-09-03,2026-09-03,010.000.0104.00,Paracetamol, Tableta cada tableta contiene: paracetamol 500 mg. envase con 10 tabletas.,1,1
7883233,Chiapas,CSIMB005343,07575,NO,NO,2026-09-03,2026-09-03,010.000.1904.00,Trimetoprima-sulfametoxazol, Suspensión Oral Cada 5 ml contienen: Trimetoprima 40 mg Sulfametoxazol 200 mg Envase con 120 ml y dosificador.,1,1
7883233,Chiapas,CSIMB005343,07575,NO,NO,2026-09-03,2026-09-03,010.000.3623.00,Electrolitos Orales, Solución Cada sobre con polvo contiene: Glucosa 20.0 g Cloruro de potasio 1.5 g Cloruro de sodio 3.5 g Citrato trisódico dihidratado 2.9 g Envase con 27.9 g,3,3
7883233,Chiapas,CSIMB005343,07575,NO,NO,2026-09-03,2026-09-03,010.000.0106.00,Paracetamol, Solucion oral cada ml contiene: paracetamol 100 mg. envase con 15 ml gotero calibrado a 0.5 y 1 ml integrado o adjunto al envase que sirve de tapa.,1,1
7883187,Chiapas,CSIMB005343,07574,NO,NO,2026-09-03,2026-09-03,010.000.4300.00,Levofloxacino, Tableta Cada Tableta contiene: Levofloxacino hemihidratado equivalente a 750 mg de levofloxacino. Envase con 7 Tabletas.,1,1
7883327,Chiapas,CSIMB005343,07576,NO,NO,2026-09-03,2026-09-03,010.000.3432.00,Dexametasona, Tableta. Cada tableta contiene dexametasona 0.5 mg Envase con 30 Tabletas.,1,0
7883480,Chiapas,CSIMB005343,07577,NO,NO,2026-09-03,2026-09-03,010.000.3417.00,Diclofenaco, Cápsula o gragea de liberación prolongada. Cada gragea contiene: Diclofenaco sódico 100 mg Envase con 20 Cápsulas o Grageas.,1,1
7883480,Chiapas,CSIMB005343,07577,NO,NO,2026-09-03,2026-09-03,010.000.2714.00,Complejo b, Tableta Comprimido o Cápsula. Cada tableta Comprimido o Cápsula contiene: Mononitrato o clorhidrato de Tiamina 100 mg. Clorhidrato de piridoxina 5 mg. Cianocobalamina 50 µg Envase con 30 Tabletas Comprimidos o Cápsulas.,1,1
7883480,Chiapas,CSIMB005343,07577,NO,NO,2026-09-03,2026-09-03,010.000.5501.00,Diclofenaco, Solución inyectable. Cada ampolleta contiene: Diclofenaco sódico 75 mg Envase con 2 ampolletas con 3 ml.,1,1
7883535,Chiapas,CSIMB005343,07578,NO,NO,2026-09-03,2026-09-03,010.000.2129.00,AMOXICILINA ACIDO CLAVULÁNICO, SUSPENSIÓN ORAL CADA FRASCO CON POLVO CONTIENE: AMOXICILINA TRIHIDRATADA EQUIVALENTE A 1.5 G DE AMOXICILINA. CLAVULANATO DE POTASIO EQUIVALENTE A 375 MG DE ÁCIDO CLAVULÁNICO. ENVASE CON 60 ML CADA 5 ML CON 125 MG DE AMOXICILINA Y 31.25 MG ÁCIDO CLAVULÁNICO.,1,1
7883535,Chiapas,CSIMB005343,07578,NO,NO,2026-09-03,2026-09-03,010.000.2463.00,Ambroxol, Solución Cada 100 ml contienen: Clorhidrato de ambroxol 300 mg Envase con 120 ml y dosificador.,1,1
7883535,Chiapas,CSIMB005343,07578,NO,NO,2026-09-03,2026-09-03,010.000.3623.00,Electrolitos Orales, Solución Cada sobre con polvo contiene: Glucosa 20.0 g Cloruro de potasio 1.5 g Cloruro de sodio 3.5 g Citrato trisódico dihidratado 2.9 g Envase con 27.9 g,3,3
7933954,Chiapas,CSIMB005343,7670,NO,NO,2026-09-08,2026-09-08,010.000.1308.00,Metronidazol,TABLETA Cada tableta contiene: Metronidazol 500 mg. Envase con 20 tabletas.,1,1
7933954,Chiapas,CSIMB005343,7670,NO,NO,2026-09-08,2026-09-08,010.000.3623.00,Electrolitos Orales, Solución Cada sobre con polvo contiene: Glucosa 20.0 g Cloruro de potasio 1.5 g Cloruro de sodio 3.5 g Citrato trisódico dihidratado 2.9 g Envase con 27.9 g,3,3
7933963,Chiapas,CSIMB005343,7648,NO,NO,2026-09-08,2026-09-08,010.000.1969.00,Azitromicina, Tableta Cada Tableta contiene: Azitromicina dihidratada equivalente a 500 mg de azitromicina Envase con 3 Tabletas.,1,1
7882094,Chiapas,CSIMB005343,JR0639,NO,NO,2026-09-03,2026-09-03,010.000.4241.00,Dexametasona, Solución Inyectable. Cada frasco ámpula o ampolleta contiene: Fosfato sódico de dexametasona equivalente a 8 mg de fosfato de dexametasona. Envase con un frasco ámpula o ampolleta con 2 ml.,1,1
7882094,Chiapas,CSIMB005343,JR0639,NO,NO,2026-09-03,2026-09-03,010.000.3417.00,Diclofenaco, Cápsula o gragea de liberación prolongada. Cada gragea contiene: Diclofenaco sódico 100 mg Envase con 20 Cápsulas o Grageas.,1,1
7882094,Chiapas,CSIMB005343,JR0639,NO,NO,2026-09-03,2026-09-03,010.000.0104.00,Paracetamol, Tableta cada tableta contiene: paracetamol 500 mg. envase con 10 tabletas.,1,1
7882180,Chiapas,CSIMB005343,JR0640,NO,NO,2026-09-03,2026-09-03,010.000.5943.00,Ibuprofeno, Suspensión Oral Cada 100 ml contienen: Ibuprofeno 2 g Envase con 120 ml y medida dosificadora,1,1
7882180,Chiapas,CSIMB005343,JR0640,NO,NO,2026-09-03,2026-09-03,010.000.2145.00,Loratadina, Jarabe Cada 100 ml contienen: Loratadina 100 mg Envase con 60 ml y dosificador.,1,1
7882180,Chiapas,CSIMB005343,JR0640,NO,NO,2026-09-03,2026-09-03,010.000.2129.00,AMOXICILINA ACIDO CLAVULÁNICO, SUSPENSIÓN ORAL CADA FRASCO CON POLVO CONTIENE: AMOXICILINA TRIHIDRATADA EQUIVALENTE A 1.5 G DE AMOXICILINA. CLAVULANATO DE POTASIO EQUIVALENTE A 375 MG DE ÁCIDO CLAVULÁNICO. ENVASE CON 60 ML CADA 5 ML CON 125 MG DE AMOXICILINA Y 31.25 MG ÁCIDO CLAVULÁNICO.,1,1
7882190,Chiapas,CSIMB005343,JR0641,NO,NO,2026-09-03,2026-09-03,010.000.1098.00,Vitaminas A C y D, Solución. Cada ml contiene: Palmitato de Retinol 7000 a 9000 UI. Ácido ascórbico 80 a 125 mg. Colecalciferol 1400 a 1800 UI. Envase con 15 ml.,1,1
7934165,Chiapas,CSIMB005343,7659,NO,NO,2026-09-08,2026-09-08,010.000.0104.00,Paracetamol, Tableta cada tableta contiene: paracetamol 500 mg. envase con 10 tabletas.,1,1
7934224,Chiapas,CSIMB005343,7658,NO,NO,2026-09-08,2026-09-08,010.000.0104.00,Paracetamol, Tableta cada tableta contiene: paracetamol 500 mg. envase con 10 tabletas.,1,1
7882519,Chiapas,CSIMB005343,JR0642,NO,NO,2026-09-03,2026-09-03,010.000.0104.00,Paracetamol, Tableta cada tableta contiene: paracetamol 500 mg. envase con 10 tabletas.,1,1
7882519,Chiapas,CSIMB005343,JR0642,NO,NO,2026-09-03,2026-09-03,010.000.1926.00,Dicloxacilina, Cápsula o comprimido. Cada cápsula o comprimido contiene: Dicloxacilina sódica 500 mg Envase con 20 Cápsulas o Comprimidos.,1,1
7934401,Chiapas,CSIMB005343,7649,NO,NO,2026-09-08,2026-09-08,010.000.4299.00,LEVOFLOXACINO TABLETA CADA TABLETA CONTIENE: LEVOFLOXACINO HEMIHIDRATADOEQUIVALENTE A 500 MG DE LEVOFLOXACINO, ENVASE CON 7 TABLETAS.,2,2
7934401,Chiapas,CSIMB005343,7649,NO,NO,2026-09-08,2026-09-08,010.000.5941.00,Ibuprofeno, Tableta O Cápsula: Cada Tableta o Cápsula contiene: Ibuprofeno 400 mg Envase con 10 Tabletas o Cápsulas,1,1
7934433,Chiapas,CSIMB005343,7673,NO,NO,2026-09-08,2026-09-08,010.000.3407.00,Naproxeno, Tableta Cada Tableta contiene: Naproxeno 250 mg Envase con 30 Tabletas.,1,0
7934864,Chiapas,CSIMB005343,7650,NO,NO,2026-09-08,2026-09-08,010.000.1911.00,Nitrofurantoína, Cápsula Cada Cápsula contiene: Nitrofurantoína 100 mg Envase con 40 Cápsulas.,1,1
7934864,Chiapas,CSIMB005343,7650,NO,NO,2026-09-08,2026-09-08,010.000.2331.00,Fenazopiridina, Tableta Cada Tableta contiene: Clorhidrato de fenazopiridina 100 mg Envase con 20 Tabletas.,1,1
7934864,Chiapas,CSIMB005343,7650,NO,NO,2026-09-08,2026-09-08,010.000.0405.00,Difenhidramina, Jarabe. Cada 100 mililitros contienen: Clorhidrato de difenhidramina 250 mg. Envase con 60 ml.,2,2
7881998,Chiapas,CSIMB005343,JR0635,NO,NO,2026-09-03,2026-09-03,010.000.5501.00,Diclofenaco, Solución inyectable. Cada ampolleta contiene: Diclofenaco sódico 75 mg Envase con 2 ampolletas con 3 ml.,1,1
7883638,Chiapas,CSIMB005343,07579,NO,NO,2026-09-03,2026-09-03,010.000.4255.00,Ciprofloxacino, Cápsula o Tableta Cada Cápsula o Tableta contiene: Clorhidrato de ciprofloxacino monohidratado equivalente a 250 mg de ciprofloxacino. Envase con 8 Cápsulas o Tabletas.,2,0
7883638,Chiapas,CSIMB005343,07579,NO,NO,2026-09-03,2026-09-03,010.000.1206.00,Butilhioscina o hioscina, Gragea o Tableta Cada Gragea o Tableta contiene: Bromuro de butilhioscina o butilbromuro de hioscina 10 mg Envase con 10 Grageas o Tabletas.,1,1
7882016,Chiapas,CSIMB005343,JR0636,NO,NO,2026-09-03,2026-09-03,010.000.3111.00,Difenidol, Tableta. Cada tableta contiene: Clorhidrato de difenidol equivalente a 25 mg de difenidol Envase con 30 Tabletas.,1,1
7882016,Chiapas,CSIMB005343,JR0636,NO,NO,2026-09-03,2026-09-03,010.000.5941.00,Ibuprofeno, Tableta O Cápsula: Cada Tableta o Cápsula contiene: Ibuprofeno 400 mg Envase con 10 Tabletas o Cápsulas,1,1
7882016,Chiapas,CSIMB005343,JR0636,NO,NO,2026-09-03,2026-09-03,010.000.3623.00,Electrolitos Orales, Solución Cada sobre con polvo contiene: Glucosa 20.0 g Cloruro de potasio 1.5 g Cloruro de sodio 3.5 g Citrato trisódico dihidratado 2.9 g Envase con 27.9 g,3,3
7882034,Chiapas,CSIMB005343,JR0637,NO,NO,2026-09-03,2026-09-03,010.000.1206.00,Butilhioscina o hioscina, Gragea o Tableta Cada Gragea o Tableta contiene: Bromuro de butilhioscina o butilbromuro de hioscina 10 mg Envase con 10 Grageas o Tabletas.,1,1
7882034,Chiapas,CSIMB005343,JR0637,NO,NO,2026-09-03,2026-09-03,010.000.5309.01,TAMSULOSINA, CÁPSULA O TABLETA DE LIBERACIÓN PROLONGADA. CADA CÁPSULA O TABLETA DE LIBERACIÓN PROLONGADA CONTIENE: CLORHIDRATO DE TAMSULOSINA 0.4 MG. ENVASE CON 20 CÁPSULAS O TABLETAS DE LIBERACIÓN PROLONGADA.,1,0
7882034,Chiapas,CSIMB005343,JR0637,NO,NO,2026-09-03,2026-09-03,010.000.4300.00,Levofloxacino, Tableta Cada Tableta contiene: Levofloxacino hemihidratado equivalente a 750 mg de levofloxacino. Envase con 7 Tabletas.,1,1
7882063,Chiapas,CSIMB005343,JR0638,NO,NO,2026-09-03,2026-09-03,010.000.2714.00,Complejo b, Tableta Comprimido o Cápsula. Cada tableta Comprimido o Cápsula contiene: Mononitrato o clorhidrato de Tiamina 100 mg. Clorhidrato de piridoxina 5 mg. Cianocobalamina 50 µg Envase con 30 Tabletas Comprimidos o Cápsulas.,1,1
7882063,Chiapas,CSIMB005343,JR0638,NO,NO,2026-09-03,2026-09-03,010.000.3623.00,Electrolitos Orales, Solución Cada sobre con polvo contiene: Glucosa 20.0 g Cloruro de potasio 1.5 g Cloruro de sodio 3.5 g Citrato trisódico dihidratado 2.9 g Envase con 27.9 g,3,3
7882063,Chiapas,CSIMB005343,JR0638,NO,NO,2026-09-03,2026-09-03,010.000.2118.00,Aceite de almendras dulces, Crema Aceite de almendras dulces e hidróxido de calcio. Envase con 240 ml.,1,1
8016440,Chiapas,CSIMB005343,7815,NO,NO,2026-09-12,2026-09-12,010.000.4241.00,Dexametasona, Solución Inyectable. Cada frasco ámpula o ampolleta contiene: Fosfato sódico de dexametasona equivalente a 8 mg de fosfato de dexametasona. Envase con un frasco ámpula o ampolleta con 2 ml.,2,2
7887735,Chiapas,CSIMB005343,7548,NO,NO,2026-09-04,2026-09-04,010.000.3417.00,Diclofenaco, Cápsula o gragea de liberación prolongada. Cada gragea contiene: Diclofenaco sódico 100 mg Envase con 20 Cápsulas o Grageas.,2,2
7887735,Chiapas,CSIMB005343,7548,NO,NO,2026-09-04,2026-09-04,010.000.3407.00,Naproxeno, Tableta Cada Tableta contiene: Naproxeno 250 mg Envase con 30 Tabletas.,1,0
7887754,Chiapas,CSIMB005343,7547,NO,NO,2026-09-04,2026-09-04,010.000.2462.00,Ambroxol, Comprimido Cada Comprimido contiene: Clorhidrato de ambroxol 30 mg Envase con 20 Comprimidos.,1,0
7887754,Chiapas,CSIMB005343,7547,NO,NO,2026-09-04,2026-09-04,010.000.0439.00,Salbutamol, Solución para nebulizador. Cada 100 ml contienen: Sulfato de salbutamol 0.5 g. Envase con 10 ml.,1,1
7887754,Chiapas,CSIMB005343,7547,NO,NO,2026-09-04,2026-09-04,010.000.2463.00,Ambroxol, Solución Cada 100 ml contienen: Clorhidrato de ambroxol 300 mg Envase con 120 ml y dosificador.,1,1
7887774,Chiapas,CSIMB005343,7525,NO,NO,2026-09-04,2026-09-04,010.000.2126.00,Aciclovir, Comprimido o Tableta Cada Comprimido o Tableta contiene: Aciclovir 400 mg Envase con 35 Comprimidos o Tabletas.,2,2
7887774,Chiapas,CSIMB005343,7525,NO,NO,2026-09-04,2026-09-04,010.000.2144.00,Loratadina, Tableta o gragea. Cada tableta o gragea contienen: Loratadina 10 mg. Envase con 20 tabletas o grageas.,1,0
7887787,Chiapas,CSIMB005343,7524,NO,NO,2026-09-04,2026-09-04,010.000.2145.00,Loratadina, Jarabe Cada 100 ml contienen: Loratadina 100 mg Envase con 60 ml y dosificador.,1,1
7887787,Chiapas,CSIMB005343,7524,NO,NO,2026-09-04,2026-09-04,010.000.2463.00,Ambroxol, Solución Cada 100 ml contienen: Clorhidrato de ambroxol 300 mg Envase con 120 ml y dosificador.,1,1
7887806,Chiapas,CSIMB005343,7565,NO,NO,2026-09-04,2026-09-04,010.000.1308.00,Metronidazol,TABLETA Cada tableta contiene: Metronidazol 500 mg. Envase con 20 tabletas.,2,2
7887806,Chiapas,CSIMB005343,7565,NO,NO,2026-09-04,2026-09-04,010.000.3623.00,Electrolitos Orales, Solución Cada sobre con polvo contiene: Glucosa 20.0 g Cloruro de potasio 1.5 g Cloruro de sodio 3.5 g Citrato trisódico dihidratado 2.9 g Envase con 27.9 g,3,3
7887821,Chiapas,CSIMB005343,7566,NO,NO,2026-09-04,2026-09-04,010.000.1310.00,Metronidazol, Suspensión Oral Cada 5 ml contienen: Benzoilo de metronidazol equivalente a 250 mg de metronidazol. Envase con 120 ml y dosificador.,2,2
7887821,Chiapas,CSIMB005343,7566,NO,NO,2026-09-04,2026-09-04,010.000.3623.00,Electrolitos Orales, Solución Cada sobre con polvo contiene: Glucosa 20.0 g Cloruro de potasio 1.5 g Cloruro de sodio 3.5 g Citrato trisódico dihidratado 2.9 g Envase con 27.9 g,3,3
7887821,Chiapas,CSIMB005343,7566,NO,NO,2026-09-04,2026-09-04,010.000.1098.00,Vitaminas A C y D, Solución. Cada ml contiene: Palmitato de Retinol 7000 a 9000 UI. Ácido ascórbico 80 a 125 mg. Colecalciferol 1400 a 1800 UI. Envase con 15 ml.,2,2
7887837,Chiapas,CSIMB005343,7546,NO,NO,2026-09-04,2026-09-04,010.000.2622.00,Valproato de magnesio, Tableta con cubierta o capa entérica o tableta de liberación retardada. Cada tableta contiene: Valproato de magnesio 200 mg equivalente a 185.6 mg de ácido valproico ó Valproato de magnesio 200 mg Envase con 40 tabletas.,7,4
7887837,Chiapas,CSIMB005343,7546,NO,NO,2026-09-04,2026-09-04,040.000.2608.00,Carbamazepina, Tableta. Cada Tableta contiene: Carbamazepina 200 mg Envase con 20 Tabletas.,4,0
7887837,Chiapas,CSIMB005343,7546,NO,NO,2026-09-04,2026-09-04,010.000.2714.00,Complejo b, Tableta Comprimido o Cápsula. Cada tableta Comprimido o Cápsula contiene: Mononitrato o clorhidrato de Tiamina 100 mg. Clorhidrato de piridoxina 5 mg. Cianocobalamina 50 µg Envase con 30 Tabletas Comprimidos o Cápsulas.,1,1
7887855,Chiapas,CSIMB005343,7545,NO,NO,2026-09-04,2026-09-04,010.000.2622.00,Valproato de magnesio, Tableta con cubierta o capa entérica o tableta de liberación retardada. Cada tableta contiene: Valproato de magnesio 200 mg equivalente a 185.6 mg de ácido valproico ó Valproato de magnesio 200 mg Envase con 40 tabletas.,7,7
7887855,Chiapas,CSIMB005343,7545,NO,NO,2026-09-04,2026-09-04,040.000.2608.00,Carbamazepina, Tableta. Cada Tableta contiene: Carbamazepina 200 mg Envase con 20 Tabletas.,4,0
7887855,Chiapas,CSIMB005343,7545,NO,NO,2026-09-04,2026-09-04,010.000.2714.00,Complejo b, Tableta Comprimido o Cápsula. Cada tableta Comprimido o Cápsula contiene: Mononitrato o clorhidrato de Tiamina 100 mg. Clorhidrato de piridoxina 5 mg. Cianocobalamina 50 µg Envase con 30 Tabletas Comprimidos o Cápsulas.,1,1
7887874,Chiapas,CSIMB005343,7564,NO,NO,2026-09-04,2026-09-04,010.000.2617.00,Levetiracetam, Tableta Cada Tableta contiene: Levetiracetam 500 mg Envase con 60 Tabletas.,1,1
7887874,Chiapas,CSIMB005343,7564,NO,NO,2026-09-04,2026-09-04,010.000.5165.00,METFORMINA, TABLETA Cada tableta contiene: Clorhidrato de metformina 850 mg. Envase con 30 tabletas.,2,2
7887874,Chiapas,CSIMB005343,7564,NO,NO,2026-09-04,2026-09-04,010.000.3623.00,Electrolitos Orales, Solución Cada sobre con polvo contiene: Glucosa 20.0 g Cloruro de potasio 1.5 g Cloruro de sodio 3.5 g Citrato trisódico dihidratado 2.9 g Envase con 27.9 g,3,3
7928119,Chiapas,CSIMB005343,JP1385,NO,NO,2026-09-07,2026-09-07,010.000.1704.00,"SULFATO FERROSOSOLUCIÓN
  Cada mL contiene:
  Sulfato ferroso heptahidratado 125 mg
  equivalente a 25 mg"," de hierro
  elemental.
  Envase gotero con 15 mL.",3,3
7928135,Chiapas,CSIMB005343,CS0051,NO,NO,2026-09-07,2026-09-07,010.000.1926.00,Dicloxacilina, Cápsula o comprimido. Cada cápsula o comprimido contiene: Dicloxacilina sódica 500 mg Envase con 20 Cápsulas o Comprimidos.,1,0
7928135,Chiapas,CSIMB005343,CS0051,NO,NO,2026-09-07,2026-09-07,010.000.5941.00,Ibuprofeno, Tableta O Cápsula: Cada Tableta o Cápsula contiene: Ibuprofeno 400 mg Envase con 10 Tabletas o Cápsulas,1,1
7928135,Chiapas,CSIMB005343,CS0051,NO,NO,2026-09-07,2026-09-07,010.000.2123.00,Mupirocina, Ungüento Cada 100 gramos contiene: Mupirocina 2 g Envase con 15 g.,1,0
7912923,Chiapas,CSIMB005343,7561,NO,NO,2026-09-07,2026-09-07,010.000.2129.00,AMOXICILINA ACIDO CLAVULÁNICO, SUSPENSIÓN ORAL CADA FRASCO CON POLVO CONTIENE: AMOXICILINA TRIHIDRATADA EQUIVALENTE A 1.5 G DE AMOXICILINA. CLAVULANATO DE POTASIO EQUIVALENTE A 375 MG DE ÁCIDO CLAVULÁNICO. ENVASE CON 60 ML CADA 5 ML CON 125 MG DE AMOXICILINA Y 31.25 MG ÁCIDO CLAVULÁNICO.,2,2
7912923,Chiapas,CSIMB005343,7561,NO,NO,2026-09-07,2026-09-07,010.000.0106.00,Paracetamol, Solucion oral cada ml contiene: paracetamol 100 mg. envase con 15 ml gotero calibrado a 0.5 y 1 ml integrado o adjunto al envase que sirve de tapa.,1,1
7912938,Chiapas,CSIMB005343,7560,NO,NO,2026-09-07,2026-09-07,010.000.0104.00,Paracetamol, Tableta cada tableta contiene: paracetamol 500 mg. envase con 10 tabletas.,1,1
7912978,Chiapas,CSIMB005343,7591,NO,NO,2026-09-07,2026-09-07,010.000.1224.00,Aluminio y magnesio, Suspensión Oral Cada 100 ml contienen: Hidróxido de aluminio 3.7 g Hidróxido de magnesio 4.0 g o trisilicato de magnesio: 8.9 g Envase con 240 ml y dosificador.,1,1
7912978,Chiapas,CSIMB005343,7591,NO,NO,2026-09-07,2026-09-07,010.000.2714.00,Complejo b, Tableta Comprimido o Cápsula. Cada tableta Comprimido o Cápsula contiene: Mononitrato o clorhidrato de Tiamina 100 mg. Clorhidrato de piridoxina 5 mg. Cianocobalamina 50 µg Envase con 30 Tabletas Comprimidos o Cápsulas.,1,1
7927946,Chiapas,CSIMB005343,JP1389,NO,NO,2026-09-07,2026-09-07,010.000.1926.00,Dicloxacilina, Cápsula o comprimido. Cada cápsula o comprimido contiene: Dicloxacilina sódica 500 mg Envase con 20 Cápsulas o Comprimidos.,2,0
7927946,Chiapas,CSIMB005343,JP1389,NO,NO,2026-09-07,2026-09-07,010.000.5941.00,Ibuprofeno, Tableta O Cápsula: Cada Tableta o Cápsula contiene: Ibuprofeno 400 mg Envase con 10 Tabletas o Cápsulas,5,5
7927993,Chiapas,CSIMB005343,JP1387,NO,NO,2026-09-07,2026-09-07,010.000.5186.00,Pantoprazol o rabeprazol u omeprazol, Tableta o Gragea o Cápsula Cada Tableta o Gragea o Cápsula contiene: Pantoprazol 40 mg o Rabeprazol sódico 20 mg u omeprazol 20 mg Envase con 7 Tabletas o Grageas o Cápsulas,1,1
7927993,Chiapas,CSIMB005343,JP1387,NO,NO,2026-09-07,2026-09-07,010.000.1263.00,Bismuto, Suspensión Oral Cada 100 ml contienen: Subsalicilato de bismuto 1.750 g Envase con 240 ml.,3,3
7927993,Chiapas,CSIMB005343,JP1387,NO,NO,2026-09-07,2026-09-07,010.000.1308.01,Metronidazol, Tableta Cada Tableta contiene: Metronidazol 500 mg Envase con 30 Tabletas.,3,3
7928008,Chiapas,CSIMB005343,JR0654,NO,NO,2026-09-07,2026-09-07,010.000.2433.00,Benzonatato, Perla o Cápsula Cada Perla o Cápsula contiene: Benzonatato 100 mg Envase con 20 Perlas o Cápsulas.,1,1
7928008,Chiapas,CSIMB005343,JR0654,NO,NO,2026-09-07,2026-09-07,010.000.1206.00,Butilhioscina o hioscina, Gragea o Tableta Cada Gragea o Tableta contiene: Bromuro de butilhioscina o butilbromuro de hioscina 10 mg Envase con 10 Grageas o Tabletas.,1,1
7928008,Chiapas,CSIMB005343,JR0654,NO,NO,2026-09-07,2026-09-07,010.000.1224.00,Aluminio y magnesio, Suspensión Oral Cada 100 ml contienen: Hidróxido de aluminio 3.7 g Hidróxido de magnesio 4.0 g o trisilicato de magnesio: 8.9 g Envase con 240 ml y dosificador.,1,1
7928052,Chiapas,CSIMB005343,JR0653,NO,NO,2026-09-07,2026-09-07,010.000.1206.00,Butilhioscina o hioscina, Gragea o Tableta Cada Gragea o Tableta contiene: Bromuro de butilhioscina o butilbromuro de hioscina 10 mg Envase con 10 Grageas o Tabletas.,1,1
7928052,Chiapas,CSIMB005343,JR0653,NO,NO,2026-09-07,2026-09-07,010.000.1911.00,Nitrofurantoína, Cápsula Cada Cápsula contiene: Nitrofurantoína 100 mg Envase con 40 Cápsulas.,1,1
7928035,Chiapas,CSIMB005343,JP1386,NO,NO,2026-09-07,2026-09-07,010.000.0104.00,Paracetamol, Tableta cada tableta contiene: paracetamol 500 mg. envase con 10 tabletas.,2,2
7928077,Chiapas,CSIMB005343,7644,NO,NO,2026-09-07,2026-09-07,010.000.0402.00,Clorfenamina, Tableta. Cada tableta contiene: Maleato de clorfenamina 4.0 mg Envase con 20 Tabletas.,1,1
7928077,Chiapas,CSIMB005343,7644,NO,NO,2026-09-07,2026-09-07,010.000.2128.01,Amoxicilina, Cápsula Cada Cápsula contiene: Amoxicilina trihidratada equivalente a 500 mg de amoxicilina. Envase con 15 Cápsulas.,1,1
7928077,Chiapas,CSIMB005343,7644,NO,NO,2026-09-07,2026-09-07,010.000.5941.00,Ibuprofeno, Tableta O Cápsula: Cada Tableta o Cápsula contiene: Ibuprofeno 400 mg Envase con 10 Tabletas o Cápsulas,1,1
7928105,Chiapas,CSIMB005343,JR0652,NO,NO,2026-09-07,2026-09-07,010.000.2804.00,NAFAZOLINA, SOLUCIÓN OFTÁLMICA CADA ML CONTIENE: CLORHIDRATO DE NAFAZOLINA 1 MG ENVASE CON GOTERO INTEGRAL CON 15 ML.,1,1
7928105,Chiapas,CSIMB005343,JR0652,NO,NO,2026-09-07,2026-09-07,010.000.5941.00,Ibuprofeno, Tableta O Cápsula: Cada Tableta o Cápsula contiene: Ibuprofeno 400 mg Envase con 10 Tabletas o Cápsulas,1,1
7928105,Chiapas,CSIMB005343,JR0652,NO,NO,2026-09-07,2026-09-07,010.000.3132.00,"NEOMICINA, POLIMIXINA B, FLUOCINOLONA Y LIDOCAINA SOLUCION OTICA CADA 100 MLCONTIENEN: ACETONIDO DE FLUOCINOLONA 0","025 G SULFATO DE POLIMIXINA BEQUIVALENTE A 1 000 000 U DE POLIMIXINA B, SULFATO DE NEOMICINA EQUIVALENTE A0.350 G, DE NEOMICINA CLORHIDRATO DE LIDOCAINA 2.0 G, ENVASE CON GOTEROINTEGRAL CON 5 ML.",1,1
7913463,Chiapas,CSIMB005343,7527,NO,NO,2026-09-07,2026-09-07,010.000.1926.00,Dicloxacilina, Cápsula o comprimido. Cada cápsula o comprimido contiene: Dicloxacilina sódica 500 mg Envase con 20 Cápsulas o Comprimidos.,2,0
7913463,Chiapas,CSIMB005343,7527,NO,NO,2026-09-07,2026-09-07,010.000.3407.00,Naproxeno, Tableta Cada Tableta contiene: Naproxeno 250 mg Envase con 30 Tabletas.,1,0
8016391,Chiapas,CSIMB005343,7617,NO,NO,0266-09-12,2026-09-12,010.000.1929.00,AMPICILINA TABLETA O CAPSULA CADA TABLETA O CAPSULA CONTIENE: AMPICILINAANHIDRA O AMPICILINA TRIHIDRATADA EQUIVALENTE A 500 MG DE AMPICILINA, ENVASECON 20 TABLETAS O CAPSULAS.,1,1
8016391,Chiapas,CSIMB005343,7617,NO,NO,0266-09-12,2026-09-12,010.000.0104.00,Paracetamol, Tableta cada tableta contiene: paracetamol 500 mg. envase con 10 tabletas.,1,1
8016403,Chiapas,CSIMB005343,7778,NO,NO,2026-09-12,2026-09-12,010.000.2128.01,Amoxicilina, Cápsula Cada Cápsula contiene: Amoxicilina trihidratada equivalente a 500 mg de amoxicilina. Envase con 15 Cápsulas.,2,2
8016403,Chiapas,CSIMB005343,7778,NO,NO,2026-09-12,2026-09-12,010.000.5941.00,Ibuprofeno, Tableta O Cápsula: Cada Tableta o Cápsula contiene: Ibuprofeno 400 mg Envase con 10 Tabletas o Cápsulas,1,1
8016440,Chiapas,CSIMB005343,7815,NO,NO,2026-09-12,2026-09-12,010.000.0429.00,Salbutamol, Suspensión en aerosol. Cada inhalador contiene: Salbutamol 20 mg o Sulfato de salbutamol equivalente a 20 mg de salbutamol Envase con inhalador con 200 dosis de 100 µg.,1,1
8016440,Chiapas,CSIMB005343,7815,NO,NO,2026-09-12,2026-09-12,010.000.2162.00,Ipratropio, Suspensión en aerosol Cada g contiene: Bromuro de ipratropio 0.286 mg (20 µgpor nebulización) Envase con 15 ml (21.0 g) como Aerosol.,1,1
8016449,Chiapas,CSIMB005343,7612,NO,NO,2026-09-12,2026-09-12,010.000.1929.00,AMPICILINA TABLETA O CAPSULA CADA TABLETA O CAPSULA CONTIENE: AMPICILINAANHIDRA O AMPICILINA TRIHIDRATADA EQUIVALENTE A 500 MG DE AMPICILINA, ENVASECON 20 TABLETAS O CAPSULAS.,1,1
8016449,Chiapas,CSIMB005343,7612,NO,NO,2026-09-12,2026-09-12,010.000.0104.00,Paracetamol, Tableta cada tableta contiene: paracetamol 500 mg. envase con 10 tabletas.,1,1
8016461,Chiapas,CSIMB005343,7777,NO,NO,2026-09-12,2026-09-12,010.000.2128.01,Amoxicilina, Cápsula Cada Cápsula contiene: Amoxicilina trihidratada equivalente a 500 mg de amoxicilina. Envase con 15 Cápsulas.,1,1
8016470,Chiapas,CSIMB005343,7611,NO,NO,2026-09-12,2026-09-12,010.000.2128.01,Amoxicilina, Cápsula Cada Cápsula contiene: Amoxicilina trihidratada equivalente a 500 mg de amoxicilina. Envase con 15 Cápsulas.,1,1
8016470,Chiapas,CSIMB005343,7611,NO,NO,2026-09-12,2026-09-12,010.000.0104.00,Paracetamol, Tableta cada tableta contiene: paracetamol 500 mg. envase con 10 tabletas.,1,1
8016470,Chiapas,CSIMB005343,7611,NO,NO,2026-09-12,2026-09-12,010.000.2463.00,Ambroxol, Solución Cada 100 ml contienen: Clorhidrato de ambroxol 300 mg Envase con 120 ml y dosificador.,1,1
8016482,Chiapas,CSIMB005343,7775,NO,NO,2026-09-12,2026-09-12,010.000.2128.01,Amoxicilina, Cápsula Cada Cápsula contiene: Amoxicilina trihidratada equivalente a 500 mg de amoxicilina. Envase con 15 Cápsulas.,1,1
8016482,Chiapas,CSIMB005343,7775,NO,NO,2026-09-12,2026-09-12,010.000.0104.00,Paracetamol, Tableta cada tableta contiene: paracetamol 500 mg. envase con 10 tabletas.,1,1
8016499,Chiapas,CSIMB005343,7767,NO,NO,2026-09-12,2026-09-12,010.000.0891.00,Miconazol, Crema Cada gramo contiene: Nitrato de miconazol 20 mg Envase con 20 g.,1,1
8016461,Chiapas,CSIMB005343,7777,NO,NO,2026-09-12,2026-09-12,010.000.0104.00,Paracetamol, Tableta cada tableta contiene: paracetamol 500 mg. envase con 10 tabletas.,1,1
8016508,Chiapas,CSIMB005343,7609,NO,NO,2026-09-12,2026-09-12,010.000.2821.00,Cloranfenicol, Solución oftálmica. Cada ml contiene: Cloranfenicol levógiro 5 mg Envase con gotero integral con 15 ml.,1,0
8016494,Chiapas,CSIMB005343,7768,NO,NO,2026-09-12,2026-09-12,010.000.5165.00,METFORMINA, TABLETA Cada tableta contiene: Clorhidrato de metformina 850 mg. Envase con 30 tabletas.,2,2
8016494,Chiapas,CSIMB005343,7768,NO,NO,2026-09-12,2026-09-12,010.000.0572.00,Metoprolol, Tableta Cada Tableta contiene: Tartrato de metoprolol 100 mg Envase con 20 Tabletas.,2,2
8016494,Chiapas,CSIMB005343,7768,NO,NO,2026-09-12,2026-09-12,010.000.1903.00,Trimetoprima-sulfametoxazol, Comprimido o Tableta Cada Comprimido o Tableta contiene: Trimetoprima 80 mg Sulfametoxazol 400 mg Envase con 20 Comprimidos o Tabletas.,1,1
8016508,Chiapas,CSIMB005343,7609,NO,NO,2026-09-12,2026-09-12,010.000.0106.00,Paracetamol, Solucion oral cada ml contiene: paracetamol 100 mg. envase con 15 ml gotero calibrado a 0.5 y 1 ml integrado o adjunto al envase que sirve de tapa.,1,1
8016508,Chiapas,CSIMB005343,7609,NO,NO,2026-09-12,2026-09-12,010.000.1310.00,Metronidazol, Suspensión Oral Cada 5 ml contienen: Benzoilo de metronidazol equivalente a 250 mg de metronidazol. Envase con 120 ml y dosificador.,1,1
8016525,Chiapas,CSIMB005343,7618,NO,NO,2026-09-12,2026-09-12,010.000.2127.00,Amoxicilina, Suspensión Oral Cada frasco con polvo contiene: Amoxicilina trihidratada equivalente a 7.5 g de amoxicilina. Envase con polvo para 75 ml (500 mg/5 ml).,1,0
8016525,Chiapas,CSIMB005343,7618,NO,NO,2026-09-12,2026-09-12,010.000.3623.00,Electrolitos Orales, Solución Cada sobre con polvo contiene: Glucosa 20.0 g Cloruro de potasio 1.5 g Cloruro de sodio 3.5 g Citrato trisódico dihidratado 2.9 g Envase con 27.9 g,3,3
8016536,Chiapas,CSIMB005343,7613,NO,NO,2026-09-12,2026-09-12,010.000.2128.01,Amoxicilina, Cápsula Cada Cápsula contiene: Amoxicilina trihidratada equivalente a 500 mg de amoxicilina. Envase con 15 Cápsulas.,1,1
8016536,Chiapas,CSIMB005343,7613,NO,NO,2026-09-12,2026-09-12,010.000.0104.00,Paracetamol, Tableta cada tableta contiene: paracetamol 500 mg. envase con 10 tabletas.,1,1
8016536,Chiapas,CSIMB005343,7613,NO,NO,2026-09-12,2026-09-12,010.000.2144.00,Loratadina, Tableta o gragea. Cada tableta o gragea contienen: Loratadina 10 mg. Envase con 20 tabletas o grageas.,1,0
8016525,Chiapas,CSIMB005343,7618,NO,NO,2026-09-12,2026-09-12,010.000.5943.00,Ibuprofeno, Suspensión Oral Cada 100 ml contienen: Ibuprofeno 2 g Envase con 120 ml y medida dosificadora,1,1
7978259,Chiapas,CSIMB005343,7717,NO,NO,2026-09-10,2026-09-10,010.000.1308.00,Metronidazol,TABLETA Cada tableta contiene: Metronidazol 500 mg. Envase con 20 tabletas.,1,1
7947165,Chiapas,CSIMB005343,JP1391,NO,NO,2026-09-08,2026-09-08,010.000.0402.00,Clorfenamina, Tableta. Cada tableta contiene: Maleato de clorfenamina 4.0 mg Envase con 20 Tabletas.,1,0
7947165,Chiapas,CSIMB005343,JP1391,NO,NO,2026-09-08,2026-09-08,010.000.5941.00,Ibuprofeno, Tableta O Cápsula: Cada Tableta o Cápsula contiene: Ibuprofeno 400 mg Envase con 10 Tabletas o Cápsulas,2,2
7947165,Chiapas,CSIMB005343,JP1391,NO,NO,2026-09-08,2026-09-08,010.000.2433.00,Benzonatato, Perla o Cápsula Cada Perla o Cápsula contiene: Benzonatato 100 mg Envase con 20 Perlas o Cápsulas.,1,1
7947054,Chiapas,CSIMB005343,JP1390,NO,NO,2026-09-08,2026-09-08,010.000.2145.00,Loratadina, Jarabe Cada 100 ml contienen: Loratadina 100 mg Envase con 60 ml y dosificador.,1,1
7947054,Chiapas,CSIMB005343,JP1390,NO,NO,2026-09-08,2026-09-08,010.000.5943.00,Ibuprofeno, Suspensión Oral Cada 100 ml contienen: Ibuprofeno 2 g Envase con 120 ml y medida dosificadora,1,1
7947193,Chiapas,CSIMB005343,JP1392,NO,NO,2026-09-08,2026-09-08,010.000.2018.00,Itraconazol, Cápsula Cada Cápsula contiene: Itraconazol 100 mg Envase con 15 Cápsulas.,2,0
7947193,Chiapas,CSIMB005343,JP1392,NO,NO,2026-09-08,2026-09-08,010.000.0108.00,Metamizol sodico, Comprimido cada comprimido contiene: metamizol sódico 500 mg. envase con 10 comprimidos.,2,0
7947215,Chiapas,CSIMB005343,JP1393,NO,NO,2026-09-08,2026-09-08,010.000.2714.00,Complejo b, Tableta Comprimido o Cápsula. Cada tableta Comprimido o Cápsula contiene: Mononitrato o clorhidrato de Tiamina 100 mg. Clorhidrato de piridoxina 5 mg. Cianocobalamina 50 µg Envase con 30 Tabletas Comprimidos o Cápsulas.,1,1
7947235,Chiapas,CSIMB005343,JP1394,NO,NO,2026-09-08,2026-09-08,010.000.2129.00,AMOXICILINA ACIDO CLAVULÁNICO, SUSPENSIÓN ORAL CADA FRASCO CON POLVO CONTIENE: AMOXICILINA TRIHIDRATADA EQUIVALENTE A 1.5 G DE AMOXICILINA. CLAVULANATO DE POTASIO EQUIVALENTE A 375 MG DE ÁCIDO CLAVULÁNICO. ENVASE CON 60 ML CADA 5 ML CON 125 MG DE AMOXICILINA Y 31.25 MG ÁCIDO CLAVULÁNICO.,3,0
7947235,Chiapas,CSIMB005343,JP1394,NO,NO,2026-09-08,2026-09-08,010.000.5943.00,Ibuprofeno, Suspensión Oral Cada 100 ml contienen: Ibuprofeno 2 g Envase con 120 ml y medida dosificadora,2,1
7947261,Chiapas,CSIMB005343,JR0656,NO,NO,2026-09-08,2026-09-08,010.000.1206.00,Butilhioscina o hioscina, Gragea o Tableta Cada Gragea o Tableta contiene: Bromuro de butilhioscina o butilbromuro de hioscina 10 mg Envase con 10 Grageas o Tabletas.,1,1
7947261,Chiapas,CSIMB005343,JR0656,NO,NO,2026-09-08,2026-09-08,010.000.1272.00,Senósidos a-b, Tableta Cada Tableta contiene: Concentrados de Sen desecados 187 mg (normalizado a 8.6 mg de senósidos A-B). Envase con 20 Tabletas.,1,1
7947261,Chiapas,CSIMB005343,JR0656,NO,NO,2026-09-08,2026-09-08,010.000.1242.00,Metoclopramida, Tableta Cada Tableta contiene: Clorhidrato de metoclopramida 10 mg Envase con 20 Tabletas.,1,1
7947282,Chiapas,CSIMB005343,JR0657,NO,NO,2026-09-08,2026-09-08,010.000.5941.00,Ibuprofeno, Tableta O Cápsula: Cada Tableta o Cápsula contiene: Ibuprofeno 400 mg Envase con 10 Tabletas o Cápsulas,1,1
7947282,Chiapas,CSIMB005343,JR0657,NO,NO,2026-09-08,2026-09-08,010.000.3623.00,Electrolitos Orales, Solución Cada sobre con polvo contiene: Glucosa 20.0 g Cloruro de potasio 1.5 g Cloruro de sodio 3.5 g Citrato trisódico dihidratado 2.9 g Envase con 27.9 g,2,2
7947282,Chiapas,CSIMB005343,JR0657,NO,NO,2026-09-08,2026-09-08,010.000.1098.00,Vitaminas A C y D, Solución. Cada ml contiene: Palmitato de Retinol 7000 a 9000 UI. Ácido ascórbico 80 a 125 mg. Colecalciferol 1400 a 1800 UI. Envase con 15 ml.,1,1
7947306,Chiapas,CSIMB005343,JR0658,NO,NO,2026-09-08,2026-09-08,010.000.5941.00,Ibuprofeno, Tableta O Cápsula: Cada Tableta o Cápsula contiene: Ibuprofeno 400 mg Envase con 10 Tabletas o Cápsulas,1,1
7947306,Chiapas,CSIMB005343,JR0658,NO,NO,2026-09-08,2026-09-08,010.000.2714.00,Complejo b, Tableta Comprimido o Cápsula. Cada tableta Comprimido o Cápsula contiene: Mononitrato o clorhidrato de Tiamina 100 mg. Clorhidrato de piridoxina 5 mg. Cianocobalamina 50 µg Envase con 30 Tabletas Comprimidos o Cápsulas.,1,1
7947326,Chiapas,CSIMB005343,JR0659,NO,NO,2026-09-08,2026-09-08,010.000.2128.01,Amoxicilina, Cápsula Cada Cápsula contiene: Amoxicilina trihidratada equivalente a 500 mg de amoxicilina. Envase con 15 Cápsulas.,2,2
7947383,Chiapas,CSIMB005343,JR0660,NO,NO,2026-09-08,2026-09-08,010.000.1926.00,Dicloxacilina, Cápsula o comprimido. Cada cápsula o comprimido contiene: Dicloxacilina sódica 500 mg Envase con 20 Cápsulas o Comprimidos.,2,0
7947383,Chiapas,CSIMB005343,JR0660,NO,NO,2026-09-08,2026-09-08,010.000.5941.00,Ibuprofeno, Tableta O Cápsula: Cada Tableta o Cápsula contiene: Ibuprofeno 400 mg Envase con 10 Tabletas o Cápsulas,1,0
7976523,Chiapas,CSIMB005343,7655,NO,NO,2026-09-10,2026-09-10,010.000.1363.00,LIDOCAÍNA - HIDROCORTISONA, UNGÜENTO CADA 100 GRAMOS CONTIENE: LIDOCAÍNA 5 G ACETATO DE HIDROCORTISONA 0.25 G SUBACETATO DE ALUMINIO 3.50 G ÓXIDO DE ZINC 18 G ENVASE CON 20 G Y APLICADOR.,1,1
7976544,Chiapas,CSIMB005343,7681,NO,NO,2026-09-10,2026-09-10,010.000.1903.00,Trimetoprima-sulfametoxazol, Comprimido o Tableta Cada Comprimido o Tableta contiene: Trimetoprima 80 mg Sulfametoxazol 400 mg Envase con 20 Comprimidos o Tabletas.,2,2
7976544,Chiapas,CSIMB005343,7681,NO,NO,2026-09-10,2026-09-10,010.000.1206.00,Butilhioscina o hioscina, Gragea o Tableta Cada Gragea o Tableta contiene: Bromuro de butilhioscina o butilbromuro de hioscina 10 mg Envase con 10 Grageas o Tabletas.,1,0
7976571,Chiapas,CSIMB005343,7699,NO,NO,2026-09-10,2026-09-10,010.000.2814.00,Hipromelosa, Solución Oftálmica al 0.5% Cada ml contiene: Hipromelosa 5 mg Envase con gotero integral con 15 ml.,1,1
7976571,Chiapas,CSIMB005343,7699,NO,NO,2026-09-10,2026-09-10,010.000.3419.00,NAPROXENO, SUSPENSIÓN ORAL CADA 5 ML CONTIENEN: NAPROXENO 125 MG ENVASE CON 100 ML.,1,0
7976680,Chiapas,CSIMB005343,GE004,NO,NO,2026-09-10,2026-09-10,010.000.1929.00,AMPICILINA TABLETA O CAPSULA CADA TABLETA O CAPSULA CONTIENE: AMPICILINAANHIDRA O AMPICILINA TRIHIDRATADA EQUIVALENTE A 500 MG DE AMPICILINA, ENVASECON 20 TABLETAS O CAPSULAS.,1,1
7976680,Chiapas,CSIMB005343,GE004,NO,NO,2026-09-10,2026-09-10,010.000.2331.00,Fenazopiridina, Tableta Cada Tableta contiene: Clorhidrato de fenazopiridina 100 mg Envase con 20 Tabletas.,1,1
7976700,Chiapas,CSIMB005343,7701,NO,NO,2026-09-10,2026-09-10,010.000.0106.00,Paracetamol, Solucion oral cada ml contiene: paracetamol 100 mg. envase con 15 ml gotero calibrado a 0.5 y 1 ml integrado o adjunto al envase que sirve de tapa.,1,1
7976700,Chiapas,CSIMB005343,7701,NO,NO,2026-09-10,2026-09-10,010.000.0801.00,Baño coloide,POLVO Cada gramo contiene: Harina de soya 965 mg. (contenido proteico 45%). Polividona 20 mg. Envase con un sobre individual de  90 g.,1,1
7976700,Chiapas,CSIMB005343,7701,NO,NO,2026-09-10,2026-09-10,010.000.3623.00,Electrolitos Orales, Solución Cada sobre con polvo contiene: Glucosa 20.0 g Cloruro de potasio 1.5 g Cloruro de sodio 3.5 g Citrato trisódico dihidratado 2.9 g Envase con 27.9 g,3,3
7976721,Chiapas,CSIMB005343,7700,NO,NO,2026-09-10,2026-09-10,010.000.2520.00,Losartán, Gragea o comprimido recubierto. Cada gragea o comprimido recubierto contiene: Losartán potásico 50 mg. Envase con 30 grageas o comprimidos recubiertos.,1,1
7976721,Chiapas,CSIMB005343,7700,NO,NO,2026-09-10,2026-09-10,010.000.2622.00,Valproato de magnesio, Tableta con cubierta o capa entérica o tableta de liberación retardada. Cada tableta contiene: Valproato de magnesio 200 mg equivalente a 185.6 mg de ácido valproico ó Valproato de magnesio 200 mg Envase con 40 tabletas.,3,2
7976721,Chiapas,CSIMB005343,7700,NO,NO,2026-09-10,2026-09-10,010.000.0657.00,PRAVASTATINA, TABLETA CADA TABLETA CONTIENE: PRAVASTATINA SÓDICA 10 MG ENVASE CON 30 TABLETAS.,1,0
7976733,Chiapas,CSIMB005343,7662,NO,NO,2026-09-10,2026-09-10,010.000.1308.00,Metronidazol,TABLETA Cada tableta contiene: Metronidazol 500 mg. Envase con 20 tabletas.,1,1
7976733,Chiapas,CSIMB005343,7662,NO,NO,2026-09-10,2026-09-10,010.000.0104.00,Paracetamol, Tableta cada tableta contiene: paracetamol 500 mg. envase con 10 tabletas.,1,1
7976749,Chiapas,CSIMB005343,7697,NO,NO,2026-09-10,2026-09-10,010.000.1903.00,Trimetoprima-sulfametoxazol, Comprimido o Tableta Cada Comprimido o Tableta contiene: Trimetoprima 80 mg Sulfametoxazol 400 mg Envase con 20 Comprimidos o Tabletas.,1,1
7976749,Chiapas,CSIMB005343,7697,NO,NO,2026-09-10,2026-09-10,010.000.3622.00,ELECTROLITOS ORALES, POLVO (FÓRMULA DE OSMOLARIDAD BAJA) CADA SOBRE CON POLVO CONTIENE: GLUCOSA ANHIDRA O GLUCOSA 13.5 G CLORURO DE POTASIO 1.5 G CLORURO DE SODIO 2.6 G CITRATO TRISÓDICO DIHIDRATADO 2.9 G ENVASE CON 20.5 G,3,3
7976799,Chiapas,CSIMB005343,7702,NO,NO,2026-09-10,2026-09-10,010.000.1206.00,Butilhioscina o hioscina, Gragea o Tableta Cada Gragea o Tableta contiene: Bromuro de butilhioscina o butilbromuro de hioscina 10 mg Envase con 10 Grageas o Tabletas.,1,0
7976837,Chiapas,CSIMB005343,GE006,NO,NO,2026-09-10,2026-09-10,010.000.5941.00,Ibuprofeno, Tableta O Cápsula: Cada Tableta o Cápsula contiene: Ibuprofeno 400 mg Envase con 10 Tabletas o Cápsulas,1,1
7976837,Chiapas,CSIMB005343,GE006,NO,NO,2026-09-10,2026-09-10,010.000.3413.00,Indometacina, Cápsula Cada Cápsula contiene: Indometacina 25 mg Envase con 30 Cápsulas.,1,1
7976837,Chiapas,CSIMB005343,GE006,NO,NO,2026-09-10,2026-09-10,010.000.5941.00,Ibuprofeno, Tableta O Cápsula: Cada Tableta o Cápsula contiene: Ibuprofeno 400 mg Envase con 10 Tabletas o Cápsulas,1,1
7976837,Chiapas,CSIMB005343,GE006,NO,NO,2026-09-10,2026-09-10,010.000.3413.00,Indometacina, Cápsula Cada Cápsula contiene: Indometacina 25 mg Envase con 30 Cápsulas.,1,0
7976837,Chiapas,CSIMB005343,GE006,NO,NO,2026-09-10,2026-09-10,010.000.5941.00,Ibuprofeno, Tableta O Cápsula: Cada Tableta o Cápsula contiene: Ibuprofeno 400 mg Envase con 10 Tabletas o Cápsulas,1,1
7976837,Chiapas,CSIMB005343,GE006,NO,NO,2026-09-10,2026-09-10,010.000.3413.00,Indometacina, Cápsula Cada Cápsula contiene: Indometacina 25 mg Envase con 30 Cápsulas.,1,1
7976990,Chiapas,CSIMB005343,7682,NO,NO,2026-09-10,2026-09-10,010.000.1310.00,Metronidazol, Suspensión Oral Cada 5 ml contienen: Benzoilo de metronidazol equivalente a 250 mg de metronidazol. Envase con 120 ml y dosificador.,1,1
7976990,Chiapas,CSIMB005343,7682,NO,NO,2026-09-10,2026-09-10,010.000.3622.00,ELECTROLITOS ORALES, POLVO (FÓRMULA DE OSMOLARIDAD BAJA) CADA SOBRE CON POLVO CONTIENE: GLUCOSA ANHIDRA O GLUCOSA 13.5 G CLORURO DE POTASIO 1.5 G CLORURO DE SODIO 2.6 G CITRATO TRISÓDICO DIHIDRATADO 2.9 G ENVASE CON 20.5 G,3,3
7976990,Chiapas,CSIMB005343,7682,NO,NO,2026-09-10,2026-09-10,010.000.5943.00,Ibuprofeno, Suspensión Oral Cada 100 ml contienen: Ibuprofeno 2 g Envase con 120 ml y medida dosificadora,1,1
7977007,Chiapas,CSIMB005343,7696,NO,NO,2026-09-10,2026-09-10,010.000.0106.00,Paracetamol, Solucion oral cada ml contiene: paracetamol 100 mg. envase con 15 ml gotero calibrado a 0.5 y 1 ml integrado o adjunto al envase que sirve de tapa.,1,1
7977007,Chiapas,CSIMB005343,7696,NO,NO,2026-09-10,2026-09-10,010.000.0804.00,Óxido de zinc, Pasta Cada 100 g contienen: Óxido de zinc 25. 0 g Envase con 30 g.,1,1
7977024,Chiapas,CSIMB005343,7663,NO,NO,2026-09-10,2026-09-10,010.000.0104.00,Paracetamol, Tableta cada tableta contiene: paracetamol 500 mg. envase con 10 tabletas.,1,1
7977040,Chiapas,CSIMB005343,7664,NO,NO,2026-09-10,2026-09-10,010.000.0104.00,Paracetamol, Tableta cada tableta contiene: paracetamol 500 mg. envase con 10 tabletas.,1,1
7948676,Chiapas,CSIMB005343,07582,NO,NO,2026-09-08,2026-09-08,010.000.5255.00,Trimetoprima y sulfametoxazol, Solución Inyectable Cada ampolleta contiene: Trimetoprima 160 mg Sulfametoxazol 800 mg Envase con 6 ampolletas con 3 ml.,1,1
7948676,Chiapas,CSIMB005343,07582,NO,NO,2026-09-08,2026-09-08,010.000.1207.00,Butilhioscina o hioscina, Solución Inyectable Cada ampolleta contiene: Bromuro de butilhioscina o butilbromuro de hioscina 20 mg Envase con 3 ampolletas de 1 ml.,1,1
7948676,Chiapas,CSIMB005343,07582,NO,NO,2026-09-08,2026-09-08,010.000.3112.00,Difenidol, Solución Inyectable. Cada ampolleta contiene: Clorhidrato de difenidol equivalente a 40 mg de difenidol Envase con 2 ampolletas de 2 ml.,1,1
7948664,Chiapas,CSIMB005343,JR0655,NO,NO,2026-09-08,2026-09-08,010.000.0655.00,BEZAFIBRATO ,TABLETA CADA TABLETA CONTIENE: BEZAFIBRATO 200 MG ENVASE CON 30TABLETAS,1,1
7948664,Chiapas,CSIMB005343,JR0655,NO,NO,2026-09-08,2026-09-08,010.000.0104.00,Paracetamol, Tableta cada tableta contiene: paracetamol 500 mg. envase con 10 tabletas.,1,1
7948664,Chiapas,CSIMB005343,JR0655,NO,NO,2026-09-08,2026-09-08,010.000.3623.00,Electrolitos Orales, Solución Cada sobre con polvo contiene: Glucosa 20.0 g Cloruro de potasio 1.5 g Cloruro de sodio 3.5 g Citrato trisódico dihidratado 2.9 g Envase con 27.9 g,2,2
7948971,Chiapas,CSIMB005343,06952,NO,NO,2026-09-08,2026-09-08,010.000.1206.00,Butilhioscina o hioscina, Gragea o Tableta Cada Gragea o Tableta contiene: Bromuro de butilhioscina o butilbromuro de hioscina 10 mg Envase con 10 Grageas o Tabletas.,1,1
7948971,Chiapas,CSIMB005343,06952,NO,NO,2026-09-08,2026-09-08,010.000.0104.00,Paracetamol, Tableta cada tableta contiene: paracetamol 500 mg. envase con 10 tabletas.,1,1
7948971,Chiapas,CSIMB005343,06952,NO,NO,2026-09-08,2026-09-08,010.000.3623.00,Electrolitos Orales, Solución Cada sobre con polvo contiene: Glucosa 20.0 g Cloruro de potasio 1.5 g Cloruro de sodio 3.5 g Citrato trisódico dihidratado 2.9 g Envase con 27.9 g,3,3
8017994,Chiapas,CSIMB005343,7763,NO,NO,2026-09-12,2026-09-12,010.000.1903.00,Trimetoprima-sulfametoxazol, Comprimido o Tableta Cada Comprimido o Tableta contiene: Trimetoprima 80 mg Sulfametoxazol 400 mg Envase con 20 Comprimidos o Tabletas.,1,1
8017994,Chiapas,CSIMB005343,7763,NO,NO,2026-09-12,2026-09-12,010.000.5941.00,Ibuprofeno, Tableta O Cápsula: Cada Tableta o Cápsula contiene: Ibuprofeno 400 mg Envase con 10 Tabletas o Cápsulas,1,1
7950302,Chiapas,CSIMB005343,07691,NO,NO,2026-09-09,2026-09-09,010.000.0104.00,Paracetamol, Tableta cada tableta contiene: paracetamol 500 mg. envase con 10 tabletas.,1,1
8008836,Chiapas,CSIMB005343,CS0062,NO,NO,2026-09-11,2026-09-11,010.000.3417.00,Diclofenaco, Cápsula o gragea de liberación prolongada. Cada gragea contiene: Diclofenaco sódico 100 mg Envase con 20 Cápsulas o Grageas.,1,1
8008836,Chiapas,CSIMB005343,CS0062,NO,NO,2026-09-11,2026-09-11,010.000.4359.00,Gabapentina, Cápsula. Cada cápsula contiene: Gabapentina 300 mg Envase con 15 Cápsulas.,1,1
7977068,Chiapas,CSIMB005343,7664,NO,NO,2026-09-10,2026-09-10,010.000.0104.00,Paracetamol, Tableta cada tableta contiene: paracetamol 500 mg. envase con 10 tabletas.,1,1
7977068,Chiapas,CSIMB005343,7664,NO,NO,2026-09-10,2026-09-10,010.000.1308.00,Metronidazol,TABLETA Cada tableta contiene: Metronidazol 500 mg. Envase con 20 tabletas.,1,1
7978259,Chiapas,CSIMB005343,7717,NO,NO,2026-09-10,2026-09-10,010.000.1242.00,Metoclopramida, Tableta Cada Tableta contiene: Clorhidrato de metoclopramida 10 mg Envase con 20 Tabletas.,1,1
7978259,Chiapas,CSIMB005343,7717,NO,NO,2026-09-10,2026-09-10,010.000.1206.00,Butilhioscina o hioscina, Gragea o Tableta Cada Gragea o Tableta contiene: Bromuro de butilhioscina o butilbromuro de hioscina 10 mg Envase con 10 Grageas o Tabletas.,1,0
7978267,Chiapas,CSIMB005343,7703,NO,NO,2026-09-10,2026-09-10,010.000.3417.00,Diclofenaco, Cápsula o gragea de liberación prolongada. Cada gragea contiene: Diclofenaco sódico 100 mg Envase con 20 Cápsulas o Grageas.,1,1
7952007,Chiapas,CSIMB005343,7676,NO,NO,2026-09-09,2026-09-09,010.000.1308.00,Metronidazol,TABLETA Cada tableta contiene: Metronidazol 500 mg. Envase con 20 tabletas.,1,1
8018001,Chiapas,CSIMB005343,7764,NO,NO,2026-09-12,2026-09-12,010.000.1937.00,Ceftriaxona, Solución Inyectable. Cada frasco ámpula con polvo contiene: Ceftriaxona sódica equivalente a 1 g de ceftriaxona. Envase con un frasco ámpula y 10 ml de diluyente.,1,1
8018001,Chiapas,CSIMB005343,7764,NO,NO,2026-09-12,2026-09-12,010.000.3417.00,Diclofenaco, Cápsula o gragea de liberación prolongada. Cada gragea contiene: Diclofenaco sódico 100 mg Envase con 20 Cápsulas o Grageas.,1,1
8018007,Chiapas,CSIMB005343,jc132,NO,NO,2026-09-12,2026-09-12,010.000.1926.00,Dicloxacilina, Cápsula o comprimido. Cada cápsula o comprimido contiene: Dicloxacilina sódica 500 mg Envase con 20 Cápsulas o Comprimidos.,1,0
8018007,Chiapas,CSIMB005343,jc132,NO,NO,2026-09-12,2026-09-12,010.000.5941.00,Ibuprofeno, Tableta O Cápsula: Cada Tableta o Cápsula contiene: Ibuprofeno 400 mg Envase con 10 Tabletas o Cápsulas,1,1
8018007,Chiapas,CSIMB005343,jc132,NO,NO,2026-09-12,2026-09-12,010.000.0804.00,Óxido de zinc, Pasta Cada 100 g contienen: Óxido de zinc 25. 0 g Envase con 30 g.,1,1
7952007,Chiapas,CSIMB005343,7676,NO,NO,2026-09-09,2026-09-09,010.000.1242.00,Metoclopramida, Tableta Cada Tableta contiene: Clorhidrato de metoclopramida 10 mg Envase con 20 Tabletas.,1,1
7952007,Chiapas,CSIMB005343,7676,NO,NO,2026-09-09,2026-09-09,010.000.0108.00,Metamizol sodico, Comprimido cada comprimido contiene: metamizol sódico 500 mg. envase con 10 comprimidos.,1,0
7952034,Chiapas,CSIMB005343,7597,NO,NO,2026-09-09,2026-09-09,010.000.6337.00,Glimepirida,TABLETAS Cada tableta contiene: Glimepirida 2 mg Envase con 15 tabletas,2,2
7952034,Chiapas,CSIMB005343,7597,NO,NO,2026-09-09,2026-09-09,010.000.4356.00,Pregabalina, Cápsula Cada Cápsula contiene: Pregabalina 75 mg Envase con 14 Cápsulas,1,1
7952034,Chiapas,CSIMB005343,7597,NO,NO,2026-09-09,2026-09-09,010.000.2714.00,Complejo b, Tableta Comprimido o Cápsula. Cada tableta Comprimido o Cápsula contiene: Mononitrato o clorhidrato de Tiamina 100 mg. Clorhidrato de piridoxina 5 mg. Cianocobalamina 50 µg Envase con 30 Tabletas Comprimidos o Cápsulas.,1,1
7952053,Chiapas,CSIMB005343,7652,NO,NO,2026-09-09,2026-09-09,010.000.2542.00,Telmisartán hidroclorotiazida, Tableta o cápsula. Cada Tableta o cápsula contiene: Telmisartán 80.0 mg Hidroclorotiazida 12.5 mg Envase con 14 Tabletas o cápsulas.,4,4
7952053,Chiapas,CSIMB005343,7652,NO,NO,2026-09-09,2026-09-09,010.000.0599.00,Nifedipino, Comprimido de Liberación Prolongada Cada Comprimido contiene: Nifedipino 30 mg Envase con 30 Comprimidos.,1,1
7952053,Chiapas,CSIMB005343,7652,NO,NO,2026-09-09,2026-09-09,010.000.0891.00,Miconazol, Crema Cada gramo contiene: Nitrato de miconazol 20 mg Envase con 20 g.,2,2
7952100,Chiapas,CSIMB005343,7598,NO,NO,2026-09-09,2026-09-09,010.000.5501.00,Diclofenaco, Solución inyectable. Cada ampolleta contiene: Diclofenaco sódico 75 mg Envase con 2 ampolletas con 3 ml.,1,1
7952100,Chiapas,CSIMB005343,7598,NO,NO,2026-09-09,2026-09-09,010.000.4376.00,Multivitaminas (polivitaminas) y minerales, Tableta Cápsula o Gragea. Cada tableta cápsula o gragea contiene: Clorhidrato de tiamina (vitamina B1) 5.0 a 10.0 mg. Riboflavina (vitamina B2) 2.5 a 10.0 mg. Clorhidrato de piridoxina (vitamina B6) 2.0 a 5.0 mg. Nicotinamida (niacinamida) 10.0 a 100.0 mg. Cianocobalamina (vitamina B12) 3.0 a 5.0 µg. Acetato de alfatocoferol (vitamina E) 3.0 a 20.0 mg. Retinol (vitamina A) 2000.0 a 10000.0 UI. Colecalciferol (vitamina D3) 200.0 a 1000.0 UI. Acido pantoténico 2.0 a 7.0 mg. Sulfato ferroso 15.0 a 60.0 mg. Sulfato de cobre 1.0 a 4.0 mg. Yoduro o fosfato de potasio 0.15 a 4.0 mg. Glicerofosfato sulfato o hiposulfito de magnesio 1.0 a 8.00 mg. Fosfato de magnesio 5.0 a 133.0 mg. Cloruro fosfato o sulfato de zinc 3.0 a 25.0 mg. Envase con 30 tabletas cápsulas o grageas.,1,1
7952079,Chiapas,CSIMB005343,7661,NO,NO,2026-09-09,2026-09-09,010.000.3417.00,Diclofenaco, Cápsula o gragea de liberación prolongada. Cada gragea contiene: Diclofenaco sódico 100 mg Envase con 20 Cápsulas o Grageas.,1,1
7952129,Chiapas,CSIMB005343,7653,NO,NO,2026-09-09,2026-09-09,010.000.1701.00,Fumarato ferroso, Tableta. Cada tableta contiene: Fumarato ferroso 200 mg equivalente a 65.74 mg de hierro elemental. Envase con 50 Tabletas.,1,1
7952129,Chiapas,CSIMB005343,7653,NO,NO,2026-09-09,2026-09-09,010.000.3623.00,Electrolitos Orales, Solución Cada sobre con polvo contiene: Glucosa 20.0 g Cloruro de potasio 1.5 g Cloruro de sodio 3.5 g Citrato trisódico dihidratado 2.9 g Envase con 27.9 g,3,3
7952129,Chiapas,CSIMB005343,7653,NO,NO,2026-09-09,2026-09-09,010.000.4184.00,Loperamida, Comprimido tableta o gragea. Cada comprimido tableta o gragea contiene: Clorhidrato de loperamida 2 mg. Envase con 12 comprimidos tabletas o grageas.,1,1
7952250,Chiapas,CSIMB005343,7693,NO,NO,2026-09-09,2026-09-09,010.000.6222.00,"ÁCIDO ACETILSALICÍLICO, TABLETAS Cada tableta contiene: Ácido acetilsalicílico 100 mg con o sin recubrimiento", Envase con 28 tabletas.,2,2
7952250,Chiapas,CSIMB005343,7693,NO,NO,2026-09-09,2026-09-09,010.000.4359.00,Gabapentina, Cápsula. Cada cápsula contiene: Gabapentina 300 mg Envase con 15 Cápsulas.,2,2
7988676,Chiapas,CSIMB005343,07685,NO,NO,2026-09-10,2026-09-10,010.000.1927.00,Dicloxacilina, Suspensión Oral. Cada 5 ml contienen: Dicloxacilina sódica 250 mg Envase con polvo para 60 ml y dosificador.,1,0
8018039,Chiapas,CSIMB005343,jc136,NO,NO,2026-09-12,2026-09-12,010.000.1206.00,Butilhioscina o hioscina, Gragea o Tableta Cada Gragea o Tableta contiene: Bromuro de butilhioscina o butilbromuro de hioscina 10 mg Envase con 10 Grageas o Tabletas.,1,0
7958688,Chiapas,CSIMB005343,7679,NO,NO,2026-09-09,2026-09-09,010.000.1308.00,Metronidazol,TABLETA Cada tableta contiene: Metronidazol 500 mg. Envase con 20 tabletas.,1,1
7958841,Chiapas,CSIMB005343,7695,NO,NO,2026-09-09,2026-09-09,010.000.1911.00,Nitrofurantoína, Cápsula Cada Cápsula contiene: Nitrofurantoína 100 mg Envase con 40 Cápsulas.,1,1
7958841,Chiapas,CSIMB005343,7695,NO,NO,2026-09-09,2026-09-09,010.000.2331.00,Fenazopiridina, Tableta Cada Tableta contiene: Clorhidrato de fenazopiridina 100 mg Envase con 20 Tabletas.,1,1
7961339,Chiapas,CSIMB005343,GE001,NO,NO,2026-09-09,2026-09-09,010.000.4376.00,Multivitaminas (polivitaminas) y minerales, Tableta Cápsula o Gragea. Cada tableta cápsula o gragea contiene: Clorhidrato de tiamina (vitamina B1) 5.0 a 10.0 mg. Riboflavina (vitamina B2) 2.5 a 10.0 mg. Clorhidrato de piridoxina (vitamina B6) 2.0 a 5.0 mg. Nicotinamida (niacinamida) 10.0 a 100.0 mg. Cianocobalamina (vitamina B12) 3.0 a 5.0 µg. Acetato de alfatocoferol (vitamina E) 3.0 a 20.0 mg. Retinol (vitamina A) 2000.0 a 10000.0 UI. Colecalciferol (vitamina D3) 200.0 a 1000.0 UI. Acido pantoténico 2.0 a 7.0 mg. Sulfato ferroso 15.0 a 60.0 mg. Sulfato de cobre 1.0 a 4.0 mg. Yoduro o fosfato de potasio 0.15 a 4.0 mg. Glicerofosfato sulfato o hiposulfito de magnesio 1.0 a 8.00 mg. Fosfato de magnesio 5.0 a 133.0 mg. Cloruro fosfato o sulfato de zinc 3.0 a 25.0 mg. Envase con 30 tabletas cápsulas o grageas.,2,2
7961339,Chiapas,CSIMB005343,GE001,NO,NO,2026-09-09,2026-09-09,010.000.1706.00,ACIDO FOLICO S,ABLETA CADA TABLETA CONTIENE: ACIDO FOLICO 5 MG ENVASE CON 20TABLETAS,2,2
7961339,Chiapas,CSIMB005343,GE001,NO,NO,2026-09-09,2026-09-09,010.000.1344.00,Albendazol, Tableta Cada Tableta contiene: albendazol 200 mg Envase con 2 Tabletas.,2,2
7961358,Chiapas,CSIMB005343,GE002,NO,NO,2026-09-09,2026-09-09,010.000.1706.00,ACIDO FOLICO S,ABLETA CADA TABLETA CONTIENE: ACIDO FOLICO 5 MG ENVASE CON 20TABLETAS,2,2
7961358,Chiapas,CSIMB005343,GE002,NO,NO,2026-09-09,2026-09-09,010.000.4376.00,Multivitaminas (polivitaminas) y minerales, Tableta Cápsula o Gragea. Cada tableta cápsula o gragea contiene: Clorhidrato de tiamina (vitamina B1) 5.0 a 10.0 mg. Riboflavina (vitamina B2) 2.5 a 10.0 mg. Clorhidrato de piridoxina (vitamina B6) 2.0 a 5.0 mg. Nicotinamida (niacinamida) 10.0 a 100.0 mg. Cianocobalamina (vitamina B12) 3.0 a 5.0 µg. Acetato de alfatocoferol (vitamina E) 3.0 a 20.0 mg. Retinol (vitamina A) 2000.0 a 10000.0 UI. Colecalciferol (vitamina D3) 200.0 a 1000.0 UI. Acido pantoténico 2.0 a 7.0 mg. Sulfato ferroso 15.0 a 60.0 mg. Sulfato de cobre 1.0 a 4.0 mg. Yoduro o fosfato de potasio 0.15 a 4.0 mg. Glicerofosfato sulfato o hiposulfito de magnesio 1.0 a 8.00 mg. Fosfato de magnesio 5.0 a 133.0 mg. Cloruro fosfato o sulfato de zinc 3.0 a 25.0 mg. Envase con 30 tabletas cápsulas o grageas.,1,1
7986958,Chiapas,CSIMB005343,2463,NO,NO,2026-09-10,2026-09-10,010.000.2463.00,Ambroxol, Solución Cada 100 ml contienen: Clorhidrato de ambroxol 300 mg Envase con 120 ml y dosificador.,1,1
7986958,Chiapas,CSIMB005343,2463,NO,NO,2026-09-10,2026-09-10,010.000.2144.00,Loratadina, Tableta o gragea. Cada tableta o gragea contienen: Loratadina 10 mg. Envase con 20 tabletas o grageas.,1,0
7986958,Chiapas,CSIMB005343,2463,NO,NO,2026-09-10,2026-09-10,010.000.0104.00,Paracetamol, Tableta cada tableta contiene: paracetamol 500 mg. envase con 10 tabletas.,1,1
7986983,Chiapas,CSIMB005343,JR0663,NO,NO,2026-09-10,2026-09-10,010.000.5941.00,Ibuprofeno, Tableta O Cápsula: Cada Tableta o Cápsula contiene: Ibuprofeno 400 mg Envase con 10 Tabletas o Cápsulas,1,1
7986983,Chiapas,CSIMB005343,JR0663,NO,NO,2026-09-10,2026-09-10,010.000.2133.00,Clindamicina, Cápsula Cada Cápsula contiene: Clorhidrato de clindamicina equivalente a 300 mg de clindamicina. Envase con 16 Cápsulas.,1,1
7987002,Chiapas,CSIMB005343,JR0664,NO,NO,2026-09-10,2026-09-10,010.000.0477.00,Dipropionato de Beclometasona, Suspensión en aerosol. Cada inhalación contiene: Dipropionato de Beclometasona 50 µg. Envase con dispositivo inhalador para 200 dosis.,1,0
7987023,Chiapas,CSIMB005343,JP1398,NO,NO,2026-09-10,2026-09-10,010.000.0872.00,CLIOQUINOL," CREMA 
  Cada g contiene: Clioquinol 30 mg. 
  Envase con 20 g.",3,3
7987023,Chiapas,CSIMB005343,JP1398,NO,NO,2026-09-10,2026-09-10,010.000.5941.00,Ibuprofeno, Tableta O Cápsula: Cada Tableta o Cápsula contiene: Ibuprofeno 400 mg Envase con 10 Tabletas o Cápsulas,2,2
7987023,Chiapas,CSIMB005343,JP1398,NO,NO,2026-09-10,2026-09-10,010.000.5165.00,METFORMINA, TABLETA Cada tableta contiene: Clorhidrato de metformina 850 mg. Envase con 30 tabletas.,2,2
7987045,Chiapas,CSIMB005343,JP1399,NO,NO,2026-09-10,2026-09-10,010.000.2145.00,Loratadina, Jarabe Cada 100 ml contienen: Loratadina 100 mg Envase con 60 ml y dosificador.,1,1
7987045,Chiapas,CSIMB005343,JP1399,NO,NO,2026-09-10,2026-09-10,010.000.5943.00,Ibuprofeno, Suspensión Oral Cada 100 ml contienen: Ibuprofeno 2 g Envase con 120 ml y medida dosificadora,1,1
7987111,Chiapas,CSIMB005343,JR0665,NO,NO,2026-09-10,2026-09-10,010.000.2128.01,Amoxicilina, Cápsula Cada Cápsula contiene: Amoxicilina trihidratada equivalente a 500 mg de amoxicilina. Envase con 15 Cápsulas.,2,2
7987111,Chiapas,CSIMB005343,JR0665,NO,NO,2026-09-10,2026-09-10,010.000.5941.00,Ibuprofeno, Tableta O Cápsula: Cada Tableta o Cápsula contiene: Ibuprofeno 400 mg Envase con 10 Tabletas o Cápsulas,1,1
7987857,Chiapas,CSIMB005343,JP1400,NO,NO,2026-09-10,2026-09-10,010.000.2145.00,Loratadina, Jarabe Cada 100 ml contienen: Loratadina 100 mg Envase con 60 ml y dosificador.,1,1
7987857,Chiapas,CSIMB005343,JP1400,NO,NO,2026-09-10,2026-09-10,010.000.5943.00,Ibuprofeno, Suspensión Oral Cada 100 ml contienen: Ibuprofeno 2 g Envase con 120 ml y medida dosificadora,1,1
7988216,Chiapas,CSIMB005343,07690,NO,NO,2026-09-10,2026-09-10,010.000.0104.00,Paracetamol, Tableta cada tableta contiene: paracetamol 500 mg. envase con 10 tabletas.,1,1
7988216,Chiapas,CSIMB005343,07690,NO,NO,2026-09-10,2026-09-10,010.000.3623.00,Electrolitos Orales, Solución Cada sobre con polvo contiene: Glucosa 20.0 g Cloruro de potasio 1.5 g Cloruro de sodio 3.5 g Citrato trisódico dihidratado 2.9 g Envase con 27.9 g,3,3
8018018,Chiapas,CSIMB005343,jc133,NO,NO,2026-09-12,2026-09-12,010.000.4241.00,Dexametasona, Solución Inyectable. Cada frasco ámpula o ampolleta contiene: Fosfato sódico de dexametasona equivalente a 8 mg de fosfato de dexametasona. Envase con un frasco ámpula o ampolleta con 2 ml.,3,3
8018018,Chiapas,CSIMB005343,jc133,NO,NO,2026-09-12,2026-09-12,010.000.4330.00,Montelukast, Comprimido Recubierto Cada comprimido contiene: Montelukast sódico equivalente a 10 mg de montelukast. Envase con 30 comprimidos.,1,0
8018018,Chiapas,CSIMB005343,jc133,NO,NO,2026-09-12,2026-09-12,010.000.0108.00,Metamizol sodico, Comprimido cada comprimido contiene: metamizol sódico 500 mg. envase con 10 comprimidos.,1,0
8018029,Chiapas,CSIMB005343,jc134,NO,NO,2026-09-12,2026-09-12,010.000.1926.00,Dicloxacilina, Cápsula o comprimido. Cada cápsula o comprimido contiene: Dicloxacilina sódica 500 mg Envase con 20 Cápsulas o Comprimidos.,1,0
8018029,Chiapas,CSIMB005343,jc134,NO,NO,2026-09-12,2026-09-12,010.000.3407.00,Naproxeno, Tableta Cada Tableta contiene: Naproxeno 250 mg Envase con 30 Tabletas.,1,0
8018035,Chiapas,CSIMB005343,jc135,NO,NO,2026-09-12,2026-09-12,010.000.0103.00,Ácido acetilsalicilico, Tableta soluble o efervescente cada tableta soluble o efervescente contiene: acido acetilsalicílico 300 mg. envase con 20 tabletas solubles o efervescentes.,1,0
8018035,Chiapas,CSIMB005343,jc135,NO,NO,2026-09-12,2026-09-12,010.000.5106.00,Atorvastatina, Tableta Cada Tableta contiene: Atorvastatina cálcica trihidratada equivalente a 20 mg de atorvastatina. Envase con 10 Tabletas.,1,1
7958486,Chiapas,CSIMB005343,7654,NO,NO,2026-09-09,2026-09-09,010.000.5941.00,Ibuprofeno, Tableta O Cápsula: Cada Tableta o Cápsula contiene: Ibuprofeno 400 mg Envase con 10 Tabletas o Cápsulas,1,1
7958486,Chiapas,CSIMB005343,7654,NO,NO,2026-09-09,2026-09-09,010.000.2714.00,Complejo b, Tableta Comprimido o Cápsula. Cada tableta Comprimido o Cápsula contiene: Mononitrato o clorhidrato de Tiamina 100 mg. Clorhidrato de piridoxina 5 mg. Cianocobalamina 50 µg Envase con 30 Tabletas Comprimidos o Cápsulas.,1,1
7958525,Chiapas,CSIMB005343,7677,NO,NO,2026-09-09,2026-09-09,010.000.0104.00,Paracetamol, Tableta cada tableta contiene: paracetamol 500 mg. envase con 10 tabletas.,1,1
7958546,Chiapas,CSIMB005343,7678,NO,NO,2026-09-09,2026-09-09,010.000.3407.00,Naproxeno, Tableta Cada Tableta contiene: Naproxeno 250 mg Envase con 30 Tabletas.,1,0
7987842,Chiapas,CSIMB005343,JR0666,NO,NO,2026-09-10,2026-09-10,010.000.2128.00,Amoxicilina,CÁPSULA Cada cápsula contiene: Amoxicilina trihidratada equivalente a 500 mg de amoxicilina. Envase con 12 cápsulas,1,1
7987842,Chiapas,CSIMB005343,JR0666,NO,NO,2026-09-10,2026-09-10,010.000.5941.00,Ibuprofeno, Tableta O Cápsula: Cada Tableta o Cápsula contiene: Ibuprofeno 400 mg Envase con 10 Tabletas o Cápsulas,1,1
7988676,Chiapas,CSIMB005343,07685,NO,NO,2026-09-10,2026-09-10,010.000.5943.00,Ibuprofeno, Suspensión Oral Cada 100 ml contienen: Ibuprofeno 2 g Envase con 120 ml y medida dosificadora,1,1
7988688,Chiapas,CSIMB005343,07688,NO,NO,2026-09-10,2026-09-10,010.000.3407.00,Naproxeno, Tableta Cada Tableta contiene: Naproxeno 250 mg Envase con 30 Tabletas.,1,0
7988655,Chiapas,CSIMB005343,07689,NO,NO,2026-09-10,2026-09-10,010.000.1903.00,Trimetoprima-sulfametoxazol, Comprimido o Tableta Cada Comprimido o Tableta contiene: Trimetoprima 80 mg Sulfametoxazol 400 mg Envase con 20 Comprimidos o Tabletas.,1,1
7988655,Chiapas,CSIMB005343,07689,NO,NO,2026-09-10,2026-09-10,010.000.2433.00,Benzonatato, Perla o Cápsula Cada Perla o Cápsula contiene: Benzonatato 100 mg Envase con 20 Perlas o Cápsulas.,1,1
7988885,Chiapas,CSIMB005343,07686,NO,NO,2026-09-10,2026-09-10,010.000.1903.00,Trimetoprima-sulfametoxazol, Comprimido o Tableta Cada Comprimido o Tableta contiene: Trimetoprima 80 mg Sulfametoxazol 400 mg Envase con 20 Comprimidos o Tabletas.,1,1
7989659,Chiapas,CSIMB005343,07741,NO,NO,2026-09-11,2026-09-11,010.000.1207.00,Butilhioscina o hioscina, Solución Inyectable Cada ampolleta contiene: Bromuro de butilhioscina o butilbromuro de hioscina 20 mg Envase con 3 ampolletas de 1 ml.,1,1
7989657,Chiapas,CSIMB005343,07692,NO,NO,2026-09-11,2026-09-11,010.000.5255.00,Trimetoprima y sulfametoxazol, Solución Inyectable Cada ampolleta contiene: Trimetoprima 160 mg Sulfametoxazol 800 mg Envase con 6 ampolletas con 3 ml.,1,1
7989657,Chiapas,CSIMB005343,07692,NO,NO,2026-09-11,2026-09-11,010.000.5187.00,Omeprazol o pantoprazol, Solución Inyectable Cada frasco ámpula con liofilizado contiene: omeprazol sódico equivalente a 40 mg de omeprazol. o pantoprazol sódico equivalente a 40 mg de pantoprazol. Envase con un frasco ámpula con liofilizado y ampolleta con 10 ml de diluyente.,1,1
7989657,Chiapas,CSIMB005343,07692,NO,NO,2026-09-11,2026-09-11,010.000.1224.00,Aluminio y magnesio, Suspensión Oral Cada 100 ml contienen: Hidróxido de aluminio 3.7 g Hidróxido de magnesio 4.0 g o trisilicato de magnesio: 8.9 g Envase con 240 ml y dosificador.,2,2
8017381,Chiapas,CSIMB005343,7616,NO,NO,2026-09-12,2026-09-12,010.000.2127.00,Amoxicilina, Suspensión Oral Cada frasco con polvo contiene: Amoxicilina trihidratada equivalente a 7.5 g de amoxicilina. Envase con polvo para 75 ml (500 mg/5 ml).,1,0
8017381,Chiapas,CSIMB005343,7616,NO,NO,2026-09-12,2026-09-12,010.000.0106.00,Paracetamol, Solucion oral cada ml contiene: paracetamol 100 mg. envase con 15 ml gotero calibrado a 0.5 y 1 ml integrado o adjunto al envase que sirve de tapa.,2,2
8017381,Chiapas,CSIMB005343,7616,NO,NO,2026-09-12,2026-09-12,010.000.2145.00,Loratadina, Jarabe Cada 100 ml contienen: Loratadina 100 mg Envase con 60 ml y dosificador.,1,1
7988885,Chiapas,CSIMB005343,07686,NO,NO,2026-09-10,2026-09-10,010.000.1206.00,Butilhioscina o hioscina, Gragea o Tableta Cada Gragea o Tableta contiene: Bromuro de butilhioscina o butilbromuro de hioscina 10 mg Envase con 10 Grageas o Tabletas.,1,0
7988885,Chiapas,CSIMB005343,07686,NO,NO,2026-09-10,2026-09-10,010.000.3623.00,Electrolitos Orales, Solución Cada sobre con polvo contiene: Glucosa 20.0 g Cloruro de potasio 1.5 g Cloruro de sodio 3.5 g Citrato trisódico dihidratado 2.9 g Envase con 27.9 g,3,3
7988952,Chiapas,CSIMB005343,07687,NO,NO,2026-09-10,2026-09-10,010.000.2230.00,Amoxicilina acido clavulánico, Tableta Cada Tableta contiene: amoxicilina trihidratada equivalente a 500 mg de amoxilina. Clavulanato de potasio equivalente a 125 mg de ácido clavulánico. Envase con 12 Tabletas.,1,0
7988952,Chiapas,CSIMB005343,07687,NO,NO,2026-09-10,2026-09-10,010.000.2433.00,Benzonatato, Perla o Cápsula Cada Perla o Cápsula contiene: Benzonatato 100 mg Envase con 20 Perlas o Cápsulas.,1,1
8017452,Chiapas,CSIMB005343,7754,NO,NO,2026-09-12,2026-09-12,010.000.1926.00,Dicloxacilina, Cápsula o comprimido. Cada cápsula o comprimido contiene: Dicloxacilina sódica 500 mg Envase con 20 Cápsulas o Comprimidos.,1,0
8017387,Chiapas,CSIMB005343,7614,NO,NO,2026-09-12,2026-09-12,010.000.0861.00,BENCILO ,EMULSION DERMICA CADA ML CONTIENE: BENZOATO DE BENCILO 300 MG ENVASECON 120 ML,1,0
8017387,Chiapas,CSIMB005343,7614,NO,NO,2026-09-12,2026-09-12,010.000.0804.00,Óxido de zinc, Pasta Cada 100 g contienen: Óxido de zinc 25. 0 g Envase con 30 g.,2,2
8017387,Chiapas,CSIMB005343,7614,NO,NO,2026-09-12,2026-09-12,010.000.4241.00,Dexametasona, Solución Inyectable. Cada frasco ámpula o ampolleta contiene: Fosfato sódico de dexametasona equivalente a 8 mg de fosfato de dexametasona. Envase con un frasco ámpula o ampolleta con 2 ml.,1,1
8017413,Chiapas,CSIMB005343,7776,NO,NO,2026-09-12,2026-09-12,010.000.1930.00,AMPICILINA SUSPENSION ORAL CADA 5 ML CONTIENEN: AMPICILINA TRIHIDRATADAEQUIVALENTE A 250 MG DE AMPICILINA, ENVASE CON POLVO PARA 60 ML Y DOSIFICADOR.,2,0
8017413,Chiapas,CSIMB005343,7776,NO,NO,2026-09-12,2026-09-12,010.000.5941.00,Ibuprofeno, Tableta O Cápsula: Cada Tableta o Cápsula contiene: Ibuprofeno 400 mg Envase con 10 Tabletas o Cápsulas,1,1
8017413,Chiapas,CSIMB005343,7776,NO,NO,2026-09-12,2026-09-12,010.000.1930.00,AMPICILINA SUSPENSION ORAL CADA 5 ML CONTIENEN: AMPICILINA TRIHIDRATADAEQUIVALENTE A 250 MG DE AMPICILINA, ENVASE CON POLVO PARA 60 ML Y DOSIFICADOR.,2,0
8017413,Chiapas,CSIMB005343,7776,NO,NO,2026-09-12,2026-09-12,010.000.5941.00,Ibuprofeno, Tableta O Cápsula: Cada Tableta o Cápsula contiene: Ibuprofeno 400 mg Envase con 10 Tabletas o Cápsulas,1,1
8017425,Chiapas,CSIMB005343,7774,NO,NO,2026-09-12,2026-09-12,010.000.1926.00,Dicloxacilina, Cápsula o comprimido. Cada cápsula o comprimido contiene: Dicloxacilina sódica 500 mg Envase con 20 Cápsulas o Comprimidos.,1,0
8017425,Chiapas,CSIMB005343,7774,NO,NO,2026-09-12,2026-09-12,010.000.0104.00,Paracetamol, Tableta cada tableta contiene: paracetamol 500 mg. envase con 10 tabletas.,1,1
8017395,Chiapas,CSIMB005343,7615,NO,NO,2026-09-12,2026-09-12,010.000.4241.00,Dexametasona, Solución Inyectable. Cada frasco ámpula o ampolleta contiene: Fosfato sódico de dexametasona equivalente a 8 mg de fosfato de dexametasona. Envase con un frasco ámpula o ampolleta con 2 ml.,3,3
8017395,Chiapas,CSIMB005343,7615,NO,NO,2026-09-12,2026-09-12,010.000.0104.00,Paracetamol, Tableta cada tableta contiene: paracetamol 500 mg. envase con 10 tabletas.,1,1
8017395,Chiapas,CSIMB005343,7615,NO,NO,2026-09-12,2026-09-12,010.000.3407.00,Naproxeno, Tableta Cada Tableta contiene: Naproxeno 250 mg Envase con 30 Tabletas.,1,0
8017403,Chiapas,CSIMB005343,7807,NO,NO,2026-09-12,2026-09-12,010.000.4356.01,Pregabalina, Cápsula Cada Cápsula contiene: Pregabalina 75 mg Envase con 28 Cápsulas,1,1
8017452,Chiapas,CSIMB005343,7754,NO,NO,2026-09-12,2026-09-12,010.000.5941.00,Ibuprofeno, Tableta O Cápsula: Cada Tableta o Cápsula contiene: Ibuprofeno 400 mg Envase con 10 Tabletas o Cápsulas,1,1
8007451,Chiapas,CSIMB005343,JP1401,NO,NO,2026-09-11,2026-09-11,010.000.2145.00,Loratadina, Jarabe Cada 100 ml contienen: Loratadina 100 mg Envase con 60 ml y dosificador.,2,2
8017438,Chiapas,CSIMB005343,7760,NO,NO,2026-09-12,2026-09-12,010.000.1926.00,Dicloxacilina, Cápsula o comprimido. Cada cápsula o comprimido contiene: Dicloxacilina sódica 500 mg Envase con 20 Cápsulas o Comprimidos.,1,0
8017438,Chiapas,CSIMB005343,7760,NO,NO,2026-09-12,2026-09-12,010.000.3417.00,Diclofenaco, Cápsula o gragea de liberación prolongada. Cada gragea contiene: Diclofenaco sódico 100 mg Envase con 20 Cápsulas o Grageas.,1,1
8007318,Chiapas,CSIMB005343,7719,NO,NO,2026-09-11,2026-09-11,010.000.2471.00,CLORFENAMINA COMPUESTA," TABLETA CADA TABLETA CONTIENE PARACETAMOL 500 MG,CAFEINA 25 MG, CLORHIDRATO DE FENILEFRINA 5 MG, MALEATO DE CLORFENAMINA 4 MG,ENVASE CON 10 TABLETAS",2,0
8007318,Chiapas,CSIMB005343,7719,NO,NO,2026-09-11,2026-09-11,010.000.4241.00,Dexametasona, Solución Inyectable. Cada frasco ámpula o ampolleta contiene: Fosfato sódico de dexametasona equivalente a 8 mg de fosfato de dexametasona. Envase con un frasco ámpula o ampolleta con 2 ml.,2,2
8007451,Chiapas,CSIMB005343,JP1401,NO,NO,2026-09-11,2026-09-11,010.000.5943.00,Ibuprofeno, Suspensión Oral Cada 100 ml contienen: Ibuprofeno 2 g Envase con 120 ml y medida dosificadora,2,2
8007451,Chiapas,CSIMB005343,JP1401,NO,NO,2026-09-11,2026-09-11,010.000.2431.00,Dextrometorfano, Jarabe. Cada 100 ml contienen: Bromhidrato de dextrometorfano 300 mg Envase con 60 ml y dosificador (15 mg/5 ml).,1,0
8007485,Chiapas,CSIMB005343,GGE0011,NO,NO,2026-09-11,2026-09-11,010.000.0408.00,Clorfenamina, Jarabe. Cada mililitro contiene: Maleato de clorfenamina 0.5 mg Envase con 60 ml.,2,2
8007485,Chiapas,CSIMB005343,GGE0011,NO,NO,2026-09-11,2026-09-11,010.000.1701.00,Fumarato ferroso, Tableta. Cada tableta contiene: Fumarato ferroso 200 mg equivalente a 65.74 mg de hierro elemental. Envase con 50 Tabletas.,2,2
8007499,Chiapas,CSIMB005343,7732,NO,NO,2026-09-11,2026-09-11,010.000.5943.00,Ibuprofeno, Suspensión Oral Cada 100 ml contienen: Ibuprofeno 2 g Envase con 120 ml y medida dosificadora,1,1
8007524,Chiapas,CSIMB005343,7772,NO,NO,2026-09-11,2026-09-11,010.000.5941.00,Ibuprofeno, Tableta O Cápsula: Cada Tableta o Cápsula contiene: Ibuprofeno 400 mg Envase con 10 Tabletas o Cápsulas,1,1
8007351,Chiapas,CSIMB005343,7720,NO,NO,2026-09-11,2026-09-11,010.000.2520.00,Losartán, Gragea o comprimido recubierto. Cada gragea o comprimido recubierto contiene: Losartán potásico 50 mg. Envase con 30 grageas o comprimidos recubiertos.,2,2
8007351,Chiapas,CSIMB005343,7720,NO,NO,2026-09-11,2026-09-11,010.000.1701.00,Fumarato ferroso, Tableta. Cada tableta contiene: Fumarato ferroso 200 mg equivalente a 65.74 mg de hierro elemental. Envase con 50 Tabletas.,1,1
8007351,Chiapas,CSIMB005343,7720,NO,NO,2026-09-11,2026-09-11,010.000.1706.00,ACIDO FOLICO S,ABLETA CADA TABLETA CONTIENE: ACIDO FOLICO 5 MG ENVASE CON 20TABLETAS,1,1
7969365,Chiapas,CSIMB005343,JR0662,NO,NO,2026-09-09,2026-09-09,010.000.1206.00,Butilhioscina o hioscina, Gragea o Tableta Cada Gragea o Tableta contiene: Bromuro de butilhioscina o butilbromuro de hioscina 10 mg Envase con 10 Grageas o Tabletas.,1,0
7969365,Chiapas,CSIMB005343,JR0662,NO,NO,2026-09-09,2026-09-09,010.000.1210.01,Pinaverio, Tableta Cada Tableta contiene: Bromuro de pinaverio 100 mg Envase con 28 Tabletas.,1,0
7969365,Chiapas,CSIMB005343,JR0662,NO,NO,2026-09-09,2026-09-09,010.000.1271.00,Plántago psyllium, Polvo Cada 100 g contienen: Polvo de cáscara de semilla de plántago psyllium 49.7 g Envase con 400 g.,1,1
7969380,Chiapas,CSIMB005343,JP1396,NO,NO,2026-09-09,2026-09-09,010.000.2814.00,Hipromelosa, Solución Oftálmica al 0.5% Cada ml contiene: Hipromelosa 5 mg Envase con gotero integral con 15 ml.,1,1
7969380,Chiapas,CSIMB005343,JP1396,NO,NO,2026-09-09,2026-09-09,010.000.5941.00,Ibuprofeno, Tableta O Cápsula: Cada Tableta o Cápsula contiene: Ibuprofeno 400 mg Envase con 10 Tabletas o Cápsulas,1,1
7969355,Chiapas,CSIMB005343,JR0661,NO,NO,2026-09-09,2026-09-09,010.000.2714.00,Complejo b, Tableta Comprimido o Cápsula. Cada tableta Comprimido o Cápsula contiene: Mononitrato o clorhidrato de Tiamina 100 mg. Clorhidrato de piridoxina 5 mg. Cianocobalamina 50 µg Envase con 30 Tabletas Comprimidos o Cápsulas.,1,1
7969355,Chiapas,CSIMB005343,JR0661,NO,NO,2026-09-09,2026-09-09,010.000.1206.00,Butilhioscina o hioscina, Gragea o Tableta Cada Gragea o Tableta contiene: Bromuro de butilhioscina o butilbromuro de hioscina 10 mg Envase con 10 Grageas o Tabletas.,1,1
7969407,Chiapas,CSIMB005343,JP1397,NO,NO,2026-09-09,2026-09-09,010.000.2129.00,AMOXICILINA ACIDO CLAVULÁNICO, SUSPENSIÓN ORAL CADA FRASCO CON POLVO CONTIENE: AMOXICILINA TRIHIDRATADA EQUIVALENTE A 1.5 G DE AMOXICILINA. CLAVULANATO DE POTASIO EQUIVALENTE A 375 MG DE ÁCIDO CLAVULÁNICO. ENVASE CON 60 ML CADA 5 ML CON 125 MG DE AMOXICILINA Y 31.25 MG ÁCIDO CLAVULÁNICO.,2,2
7969407,Chiapas,CSIMB005343,JP1397,NO,NO,2026-09-09,2026-09-09,010.000.5943.00,Ibuprofeno, Suspensión Oral Cada 100 ml contienen: Ibuprofeno 2 g Envase con 120 ml y medida dosificadora,2,2
7969407,Chiapas,CSIMB005343,JP1397,NO,NO,2026-09-09,2026-09-09,010.000.2145.00,Loratadina, Jarabe Cada 100 ml contienen: Loratadina 100 mg Envase con 60 ml y dosificador.,2,2
8007622,Chiapas,CSIMB005343,7666,NO,NO,2026-09-11,2026-09-11,010.000.3417.00,Diclofenaco, Cápsula o gragea de liberación prolongada. Cada gragea contiene: Diclofenaco sódico 100 mg Envase con 20 Cápsulas o Grageas.,1,1
8007603,Chiapas,CSIMB005343,GE010,NO,NO,2026-09-11,2026-09-11,010.000.6346.00,MEDROXIPROGESTERONA, SUSPENSIÓN INYECTABLE Cada jeringa contiene: Acetato de medroxiprogesterona 104.000 mg Caja con jeringa prellenada (104 mg/0.65 mL) e instructivo anexo.,1,1
8007383,Chiapas,CSIMB005343,7721,NO,NO,2026-09-11,2026-09-11,010.000.2520.00,Losartán, Gragea o comprimido recubierto. Cada gragea o comprimido recubierto contiene: Losartán potásico 50 mg. Envase con 30 grageas o comprimidos recubiertos.,2,2
8007383,Chiapas,CSIMB005343,7721,NO,NO,2026-09-11,2026-09-11,010.000.1701.00,Fumarato ferroso, Tableta. Cada tableta contiene: Fumarato ferroso 200 mg equivalente a 65.74 mg de hierro elemental. Envase con 50 Tabletas.,1,1
8007383,Chiapas,CSIMB005343,7721,NO,NO,2026-09-11,2026-09-11,010.000.1706.00,ACIDO FOLICO S,ABLETA CADA TABLETA CONTIENE: ACIDO FOLICO 5 MG ENVASE CON 20TABLETAS,1,1
8007408,Chiapas,CSIMB005343,7721,NO,NO,2026-09-11,2026-09-11,010.000.1926.00,Dicloxacilina, Cápsula o comprimido. Cada cápsula o comprimido contiene: Dicloxacilina sódica 500 mg Envase con 20 Cápsulas o Comprimidos.,2,0
8007408,Chiapas,CSIMB005343,7721,NO,NO,2026-09-11,2026-09-11,010.000.3407.00,Naproxeno, Tableta Cada Tableta contiene: Naproxeno 250 mg Envase con 30 Tabletas.,1,0
8007544,Chiapas,CSIMB005343,7727,NO,NO,2026-09-11,2026-09-11,010.000.3417.00,Diclofenaco, Cápsula o gragea de liberación prolongada. Cada gragea contiene: Diclofenaco sódico 100 mg Envase con 20 Cápsulas o Grageas.,1,1
8007582,Chiapas,CSIMB005343,7731,NO,NO,2026-09-11,2026-09-11,010.000.5501.00,Diclofenaco, Solución inyectable. Cada ampolleta contiene: Diclofenaco sódico 75 mg Envase con 2 ampolletas con 3 ml.,1,1
8007721,Chiapas,CSIMB005343,GE009,NO,NO,2026-09-11,2026-09-11,010.000.5943.00,Ibuprofeno, Suspensión Oral Cada 100 ml contienen: Ibuprofeno 2 g Envase con 120 ml y medida dosificadora,1,1
8007721,Chiapas,CSIMB005343,GE009,NO,NO,2026-09-11,2026-09-11,010.000.0408.00,Clorfenamina, Jarabe. Cada mililitro contiene: Maleato de clorfenamina 0.5 mg Envase con 60 ml.,1,1
8007721,Chiapas,CSIMB005343,GE009,NO,NO,2026-09-11,2026-09-11,010.000.2129.00,AMOXICILINA ACIDO CLAVULÁNICO, SUSPENSIÓN ORAL CADA FRASCO CON POLVO CONTIENE: AMOXICILINA TRIHIDRATADA EQUIVALENTE A 1.5 G DE AMOXICILINA. CLAVULANATO DE POTASIO EQUIVALENTE A 375 MG DE ÁCIDO CLAVULÁNICO. ENVASE CON 60 ML CADA 5 ML CON 125 MG DE AMOXICILINA Y 31.25 MG ÁCIDO CLAVULÁNICO.,1,1
8007676,Chiapas,CSIMB005343,7718,NO,NO,2026-09-11,2026-09-11,010.000.2520.00,Losartán, Gragea o comprimido recubierto. Cada gragea o comprimido recubierto contiene: Losartán potásico 50 mg. Envase con 30 grageas o comprimidos recubiertos.,3,3
8007658,Chiapas,CSIMB005343,7730,NO,NO,2026-09-11,2026-09-11,010.000.1911.00,Nitrofurantoína, Cápsula Cada Cápsula contiene: Nitrofurantoína 100 mg Envase con 40 Cápsulas.,1,0
8007658,Chiapas,CSIMB005343,7730,NO,NO,2026-09-11,2026-09-11,010.000.2331.00,Fenazopiridina, Tableta Cada Tableta contiene: Clorhidrato de fenazopiridina 100 mg Envase con 20 Tabletas.,1,1
8007658,Chiapas,CSIMB005343,7730,NO,NO,2026-09-11,2026-09-11,010.000.3417.00,Diclofenaco, Cápsula o gragea de liberación prolongada. Cada gragea contiene: Diclofenaco sódico 100 mg Envase con 20 Cápsulas o Grageas.,1,1
8007567,Chiapas,CSIMB005343,7729,NO,NO,2026-09-11,2026-09-11,010.000.2804.00,NAFAZOLINA, SOLUCIÓN OFTÁLMICA CADA ML CONTIENE: CLORHIDRATO DE NAFAZOLINA 1 MG ENVASE CON GOTERO INTEGRAL CON 15 ML.,1,1
7969956,Chiapas,CSIMB005343,CS0058,NO,NO,2026-09-09,2026-09-09,010.000.5943.00,Ibuprofeno, Suspensión Oral Cada 100 ml contienen: Ibuprofeno 2 g Envase con 120 ml y medida dosificadora,1,1
7969956,Chiapas,CSIMB005343,CS0058,NO,NO,2026-09-09,2026-09-09,010.000.2129.00,AMOXICILINA ACIDO CLAVULÁNICO, SUSPENSIÓN ORAL CADA FRASCO CON POLVO CONTIENE: AMOXICILINA TRIHIDRATADA EQUIVALENTE A 1.5 G DE AMOXICILINA. CLAVULANATO DE POTASIO EQUIVALENTE A 375 MG DE ÁCIDO CLAVULÁNICO. ENVASE CON 60 ML CADA 5 ML CON 125 MG DE AMOXICILINA Y 31.25 MG ÁCIDO CLAVULÁNICO.,2,2
7969956,Chiapas,CSIMB005343,CS0058,NO,NO,2026-09-09,2026-09-09,010.000.2463.00,Ambroxol, Solución Cada 100 ml contienen: Clorhidrato de ambroxol 300 mg Envase con 120 ml y dosificador.,1,1
8007567,Chiapas,CSIMB005343,7729,NO,NO,2026-09-11,2026-09-11,010.000.0104.00,Paracetamol, Tableta cada tableta contiene: paracetamol 500 mg. envase con 10 tabletas.,1,1
7969853,Chiapas,CSIMB005343,CS0057,NO,NO,2026-09-09,2026-09-09,010.000.5943.00,Ibuprofeno, Suspensión Oral Cada 100 ml contienen: Ibuprofeno 2 g Envase con 120 ml y medida dosificadora,1,1
8007697,Chiapas,CSIMB005343,7665,NO,NO,2026-09-11,2026-09-11,010.000.2127.00,Amoxicilina, Suspensión Oral Cada frasco con polvo contiene: Amoxicilina trihidratada equivalente a 7.5 g de amoxicilina. Envase con polvo para 75 ml (500 mg/5 ml).,2,0
7969855,Chiapas,CSIMB005343,CS0055,NO,NO,2026-09-09,2026-09-09,010.000.3417.00,Diclofenaco, Cápsula o gragea de liberación prolongada. Cada gragea contiene: Diclofenaco sódico 100 mg Envase con 20 Cápsulas o Grageas.,1,1
7969859,Chiapas,CSIMB005343,CS0056,NO,NO,2026-09-09,2026-09-09,010.000.3417.00,Diclofenaco, Cápsula o gragea de liberación prolongada. Cada gragea contiene: Diclofenaco sódico 100 mg Envase con 20 Cápsulas o Grageas.,1,1
8007859,Chiapas,CSIMB005343,JP1402,NO,NO,2026-09-11,2026-09-11,010.000.1911.00,Nitrofurantoína, Cápsula Cada Cápsula contiene: Nitrofurantoína 100 mg Envase con 40 Cápsulas.,1,1
8007779,Chiapas,CSIMB005343,GE007,NO,NO,2026-09-11,2026-09-11,010.000.2520.00,Losartán, Gragea o comprimido recubierto. Cada gragea o comprimido recubierto contiene: Losartán potásico 50 mg. Envase con 30 grageas o comprimidos recubiertos.,2,2
8007779,Chiapas,CSIMB005343,GE007,NO,NO,2026-09-11,2026-09-11,010.000.2542.00,Telmisartán hidroclorotiazida, Tableta o cápsula. Cada Tableta o cápsula contiene: Telmisartán 80.0 mg Hidroclorotiazida 12.5 mg Envase con 14 Tabletas o cápsulas.,2,2
8007779,Chiapas,CSIMB005343,GE007,NO,NO,2026-09-11,2026-09-11,010.000.6222.00,"ÁCIDO ACETILSALICÍLICO, TABLETAS Cada tableta contiene: Ácido acetilsalicílico 100 mg con o sin recubrimiento", Envase con 28 tabletas.,1,1
8007793,Chiapas,CSIMB005343,JR0668,NO,NO,2026-09-11,2026-09-11,010.000.2804.00,NAFAZOLINA, SOLUCIÓN OFTÁLMICA CADA ML CONTIENE: CLORHIDRATO DE NAFAZOLINA 1 MG ENVASE CON GOTERO INTEGRAL CON 15 ML.,1,1
8007809,Chiapas,CSIMB005343,JP1403,NO,NO,2026-09-11,2026-09-11,010.000.0655.00,BEZAFIBRATO ,TABLETA CADA TABLETA CONTIENE: BEZAFIBRATO 200 MG ENVASE CON 30TABLETAS,3,3
8007809,Chiapas,CSIMB005343,JP1403,NO,NO,2026-09-11,2026-09-11,010.000.6007.01,Dapagliflozina, Tableta. Cada tableta contiene: Dapagliflozina propanodiol equivalente a 10 mg de dapagliflozina. Envase con 28 tabletas.,1,1
8007834,Chiapas,CSIMB005343,JR0667,NO,NO,2026-09-11,2026-09-11,010.000.5943.00,Ibuprofeno, Suspensión Oral Cada 100 ml contienen: Ibuprofeno 2 g Envase con 120 ml y medida dosificadora,1,1
8007834,Chiapas,CSIMB005343,JR0667,NO,NO,2026-09-11,2026-09-11,010.000.0477.00,Dipropionato de Beclometasona, Suspensión en aerosol. Cada inhalación contiene: Dipropionato de Beclometasona 50 µg. Envase con dispositivo inhalador para 200 dosis.,1,0
8007834,Chiapas,CSIMB005343,JR0667,NO,NO,2026-09-11,2026-09-11,010.000.2145.00,Loratadina, Jarabe Cada 100 ml contienen: Loratadina 100 mg Envase con 60 ml y dosificador.,1,1
8007742,Chiapas,CSIMB005343,GE008,NO,NO,2026-09-11,2026-09-11,010.000.2145.00,Loratadina, Jarabe Cada 100 ml contienen: Loratadina 100 mg Envase con 60 ml y dosificador.,2,2
8007859,Chiapas,CSIMB005343,JP1402,NO,NO,2026-09-11,2026-09-11,010.000.1206.00,Butilhioscina o hioscina, Gragea o Tableta Cada Gragea o Tableta contiene: Bromuro de butilhioscina o butilbromuro de hioscina 10 mg Envase con 10 Grageas o Tabletas.,1,0
8007859,Chiapas,CSIMB005343,JP1402,NO,NO,2026-09-11,2026-09-11,010.000.0104.00,Paracetamol, Tableta cada tableta contiene: paracetamol 500 mg. envase con 10 tabletas.,2,2
7970688,Chiapas,CSIMB005343,7390,NO,NO,2026-09-09,2026-09-09,010.000.6337.01,GLIMEPIRIDA, TABLETAS CADA TABLETA CONTIENE GLIMEPIRIDA 2 MG ENVASE CON 30 TABLETAS,2,2
8008026,Chiapas,CSIMB005343,CS0060,NO,NO,2026-09-11,2026-09-11,010.000.1903.00,Trimetoprima-sulfametoxazol, Comprimido o Tableta Cada Comprimido o Tableta contiene: Trimetoprima 80 mg Sulfametoxazol 400 mg Envase con 20 Comprimidos o Tabletas.,1,1
8008026,Chiapas,CSIMB005343,CS0060,NO,NO,2026-09-11,2026-09-11,010.000.1206.00,Butilhioscina o hioscina, Gragea o Tableta Cada Gragea o Tableta contiene: Bromuro de butilhioscina o butilbromuro de hioscina 10 mg Envase con 10 Grageas o Tabletas.,1,0
8008026,Chiapas,CSIMB005343,CS0060,NO,NO,2026-09-11,2026-09-11,010.000.2519.00,NITAZOXANIDA, TABLETA CADA TABLETA CONTIENE: NITAZOXANIDA 200 MG ENVASE CON 6TABLETAS,1,0
7970688,Chiapas,CSIMB005343,7390,NO,NO,2026-09-09,2026-09-09,010.000.2714.00,Complejo b, Tableta Comprimido o Cápsula. Cada tableta Comprimido o Cápsula contiene: Mononitrato o clorhidrato de Tiamina 100 mg. Clorhidrato de piridoxina 5 mg. Cianocobalamina 50 µg Envase con 30 Tabletas Comprimidos o Cápsulas.,2,2
8008290,Chiapas,CSIMB005343,CS0061,NO,NO,2026-09-11,2026-09-11,010.000.2804.00,NAFAZOLINA, SOLUCIÓN OFTÁLMICA CADA ML CONTIENE: CLORHIDRATO DE NAFAZOLINA 1 MG ENVASE CON GOTERO INTEGRAL CON 15 ML.,1,1
8016324,Chiapas,CSIMB005343,7608,NO,NO,2026-09-12,2026-09-12,010.000.0104.00,Paracetamol, Tableta cada tableta contiene: paracetamol 500 mg. envase con 10 tabletas.,1,1
8016332,Chiapas,CSIMB005343,7753,NO,NO,2026-09-12,2026-09-12,010.000.3417.00,Diclofenaco, Cápsula o gragea de liberación prolongada. Cada gragea contiene: Diclofenaco sódico 100 mg Envase con 20 Cápsulas o Grageas.,1,1
8016341,Chiapas,CSIMB005343,7742,NO,NO,2026-09-12,2026-09-12,010.000.1903.00,Trimetoprima-sulfametoxazol, Comprimido o Tableta Cada Comprimido o Tableta contiene: Trimetoprima 80 mg Sulfametoxazol 400 mg Envase con 20 Comprimidos o Tabletas.,1,1
8016341,Chiapas,CSIMB005343,7742,NO,NO,2026-09-12,2026-09-12,010.000.0104.00,Paracetamol, Tableta cada tableta contiene: paracetamol 500 mg. envase con 10 tabletas.,1,1
8016348,Chiapas,CSIMB005343,7610,NO,NO,2026-09-12,2026-09-12,010.000.2128.01,Amoxicilina, Cápsula Cada Cápsula contiene: Amoxicilina trihidratada equivalente a 500 mg de amoxicilina. Envase con 15 Cápsulas.,1,1
8016348,Chiapas,CSIMB005343,7610,NO,NO,2026-09-12,2026-09-12,010.000.0104.00,Paracetamol, Tableta cada tableta contiene: paracetamol 500 mg. envase con 10 tabletas.,1,1
8016348,Chiapas,CSIMB005343,7610,NO,NO,2026-09-12,2026-09-12,010.000.2463.00,Ambroxol, Solución Cada 100 ml contienen: Clorhidrato de ambroxol 300 mg Envase con 120 ml y dosificador.,1,1
8016368,Chiapas,CSIMB005343,7766,NO,NO,2026-09-12,2026-09-12,010.000.1903.00,Trimetoprima-sulfametoxazol, Comprimido o Tableta Cada Comprimido o Tableta contiene: Trimetoprima 80 mg Sulfametoxazol 400 mg Envase con 20 Comprimidos o Tabletas.,1,1
8016368,Chiapas,CSIMB005343,7766,NO,NO,2026-09-12,2026-09-12,010.000.3417.00,Diclofenaco, Cápsula o gragea de liberación prolongada. Cada gragea contiene: Diclofenaco sódico 100 mg Envase con 20 Cápsulas o Grageas.,1,1
8016361,Chiapas,CSIMB005343,7765,NO,NO,2026-09-12,2026-09-12,010.000.1904.00,Trimetoprima-sulfametoxazol, Suspensión Oral Cada 5 ml contienen: Trimetoprima 40 mg Sulfametoxazol 200 mg Envase con 120 ml y dosificador.,1,1
8016361,Chiapas,CSIMB005343,7765,NO,NO,2026-09-12,2026-09-12,010.000.1345.00,Albendazol, Suspensión Oral Cada frasco contiene: albendazol 400 mg Envase con 20 ml.,2,2
8016361,Chiapas,CSIMB005343,7765,NO,NO,2026-09-12,2026-09-12,010.000.0106.00,Paracetamol, Solucion oral cada ml contiene: paracetamol 100 mg. envase con 15 ml gotero calibrado a 0.5 y 1 ml integrado o adjunto al envase que sirve de tapa.,1,1
8024449,Chiapas,CSIMB005343,7556,NO,NO,2026-09-06,2026-09-06,010.000.1926.00,Dicloxacilina, Cápsula o comprimido. Cada cápsula o comprimido contiene: Dicloxacilina sódica 500 mg Envase con 20 Cápsulas o Comprimidos.,2,2
8024449,Chiapas,CSIMB005343,7556,NO,NO,2026-09-06,2026-09-06,010.000.0104.00,Paracetamol, Tableta cada tableta contiene: paracetamol 500 mg. envase con 10 tabletas.,1,1
8024478,Chiapas,CSIMB005343,7557,NO,NO,2026-09-06,2026-09-06,010.000.1926.00,Dicloxacilina, Cápsula o comprimido. Cada cápsula o comprimido contiene: Dicloxacilina sódica 500 mg Envase con 20 Cápsulas o Comprimidos.,1,1
8024359,Chiapas,CSIMB005343,7453,NO,NO,2026-09-06,2026-09-06,010.000.1206.00,Butilhioscina o hioscina, Gragea o Tableta Cada Gragea o Tableta contiene: Bromuro de butilhioscina o butilbromuro de hioscina 10 mg Envase con 10 Grageas o Tabletas.,1,1
8024359,Chiapas,CSIMB005343,7453,NO,NO,2026-09-06,2026-09-06,010.000.1224.00,Aluminio y magnesio, Suspensión Oral Cada 100 ml contienen: Hidróxido de aluminio 3.7 g Hidróxido de magnesio 4.0 g o trisilicato de magnesio: 8.9 g Envase con 240 ml y dosificador.,2,2
8024359,Chiapas,CSIMB005343,7453,NO,NO,2026-09-06,2026-09-06,010.000.1903.00,Trimetoprima-sulfametoxazol, Comprimido o Tableta Cada Comprimido o Tableta contiene: Trimetoprima 80 mg Sulfametoxazol 400 mg Envase con 20 Comprimidos o Tabletas.,1,1
8024375,Chiapas,CSIMB005343,7454,NO,NO,2026-09-06,2026-09-06,010.000.1903.00,Trimetoprima-sulfametoxazol, Comprimido o Tableta Cada Comprimido o Tableta contiene: Trimetoprima 80 mg Sulfametoxazol 400 mg Envase con 20 Comprimidos o Tabletas.,1,1
8024375,Chiapas,CSIMB005343,7454,NO,NO,2026-09-06,2026-09-06,010.000.0104.00,Paracetamol, Tableta cada tableta contiene: paracetamol 500 mg. envase con 10 tabletas.,1,1
8024375,Chiapas,CSIMB005343,7454,NO,NO,2026-09-06,2026-09-06,010.000.3111.00,Difenidol, Tableta. Cada tableta contiene: Clorhidrato de difenidol equivalente a 25 mg de difenidol Envase con 30 Tabletas.,1,1
8024478,Chiapas,CSIMB005343,7557,NO,NO,2026-09-06,2026-09-06,010.000.0104.00,Paracetamol, Tableta cada tableta contiene: paracetamol 500 mg. envase con 10 tabletas.,1,1
8024461,Chiapas,CSIMB005343,7459,NO,NO,2026-09-06,2026-09-06,010.000.0104.00,Paracetamol, Tableta cada tableta contiene: paracetamol 500 mg. envase con 10 tabletas.,1,1
8024412,Chiapas,CSIMB005343,7555,NO,NO,2026-09-06,2026-09-06,010.000.1926.00,Dicloxacilina, Cápsula o comprimido. Cada cápsula o comprimido contiene: Dicloxacilina sódica 500 mg Envase con 20 Cápsulas o Comprimidos.,1,1
8024412,Chiapas,CSIMB005343,7555,NO,NO,2026-09-06,2026-09-06,010.000.0104.00,Paracetamol, Tableta cada tableta contiene: paracetamol 500 mg. envase con 10 tabletas.,1,1
8024387,Chiapas,CSIMB005343,7554,NO,NO,2026-09-06,2026-09-06,010.000.1926.00,Dicloxacilina, Cápsula o comprimido. Cada cápsula o comprimido contiene: Dicloxacilina sódica 500 mg Envase con 20 Cápsulas o Comprimidos.,2,2
8024387,Chiapas,CSIMB005343,7554,NO,NO,2026-09-06,2026-09-06,010.000.0104.00,Paracetamol, Tableta cada tableta contiene: paracetamol 500 mg. envase con 10 tabletas.,1,1
8024400,Chiapas,CSIMB005343,7602,NO,NO,2026-09-06,2026-09-06,010.000.4356.01,Pregabalina, Cápsula Cada Cápsula contiene: Pregabalina 75 mg Envase con 28 Cápsulas,2,2
8024400,Chiapas,CSIMB005343,7602,NO,NO,2026-09-06,2026-09-06,010.000.2714.00,Complejo b, Tableta Comprimido o Cápsula. Cada tableta Comprimido o Cápsula contiene: Mononitrato o clorhidrato de Tiamina 100 mg. Clorhidrato de piridoxina 5 mg. Cianocobalamina 50 µg Envase con 30 Tabletas Comprimidos o Cápsulas.,2,2
8024420,Chiapas,CSIMB005343,7451,NO,NO,2026-09-06,2026-09-06,010.000.2714.00,Complejo b, Tableta Comprimido o Cápsula. Cada tableta Comprimido o Cápsula contiene: Mononitrato o clorhidrato de Tiamina 100 mg. Clorhidrato de piridoxina 5 mg. Cianocobalamina 50 µg Envase con 30 Tabletas Comprimidos o Cápsulas.,1,1
8024420,Chiapas,CSIMB005343,7451,NO,NO,2026-09-06,2026-09-06,010.000.3623.00,Electrolitos Orales, Solución Cada sobre con polvo contiene: Glucosa 20.0 g Cloruro de potasio 1.5 g Cloruro de sodio 3.5 g Citrato trisódico dihidratado 2.9 g Envase con 27.9 g,3,3
8024432,Chiapas,CSIMB005343,7455,NO,NO,2026-09-06,2026-09-06,010.000.1904.00,Trimetoprima-sulfametoxazol, Suspensión Oral Cada 5 ml contienen: Trimetoprima 40 mg Sulfametoxazol 200 mg Envase con 120 ml y dosificador.,1,1
8024432,Chiapas,CSIMB005343,7455,NO,NO,2026-09-06,2026-09-06,010.000.0106.00,Paracetamol, Solucion oral cada ml contiene: paracetamol 100 mg. envase con 15 ml gotero calibrado a 0.5 y 1 ml integrado o adjunto al envase que sirve de tapa.,1,1
8024432,Chiapas,CSIMB005343,7455,NO,NO,2026-09-06,2026-09-06,010.000.3623.00,Electrolitos Orales, Solución Cada sobre con polvo contiene: Glucosa 20.0 g Cloruro de potasio 1.5 g Cloruro de sodio 3.5 g Citrato trisódico dihidratado 2.9 g Envase con 27.9 g,3,3
8024461,Chiapas,CSIMB005343,7459,NO,NO,2026-09-06,2026-09-06,010.000.0655.00,BEZAFIBRATO ,TABLETA CADA TABLETA CONTIENE: BEZAFIBRATO 200 MG ENVASE CON 30TABLETAS,3,3
8024488,Chiapas,CSIMB005343,7558,NO,NO,2026-09-06,2026-09-06,010.000.1926.00,Dicloxacilina, Cápsula o comprimido. Cada cápsula o comprimido contiene: Dicloxacilina sódica 500 mg Envase con 20 Cápsulas o Comprimidos.,1,1
8024488,Chiapas,CSIMB005343,7558,NO,NO,2026-09-06,2026-09-06,010.000.0104.00,Paracetamol, Tableta cada tableta contiene: paracetamol 500 mg. envase con 10 tabletas.,1,1
8024528,Chiapas,CSIMB005343,7656,NO,NO,2026-09-06,2026-09-06,010.000.2129.00,AMOXICILINA ACIDO CLAVULÁNICO, SUSPENSIÓN ORAL CADA FRASCO CON POLVO CONTIENE: AMOXICILINA TRIHIDRATADA EQUIVALENTE A 1.5 G DE AMOXICILINA. CLAVULANATO DE POTASIO EQUIVALENTE A 375 MG DE ÁCIDO CLAVULÁNICO. ENVASE CON 60 ML CADA 5 ML CON 125 MG DE AMOXICILINA Y 31.25 MG ÁCIDO CLAVULÁNICO.,1,1
8024747,Chiapas,CSIMB005343,7600,NO,NO,2026-09-06,2026-09-06,010.000.2129.00,AMOXICILINA ACIDO CLAVULÁNICO, SUSPENSIÓN ORAL CADA FRASCO CON POLVO CONTIENE: AMOXICILINA TRIHIDRATADA EQUIVALENTE A 1.5 G DE AMOXICILINA. CLAVULANATO DE POTASIO EQUIVALENTE A 375 MG DE ÁCIDO CLAVULÁNICO. ENVASE CON 60 ML CADA 5 ML CON 125 MG DE AMOXICILINA Y 31.25 MG ÁCIDO CLAVULÁNICO.,1,0
8024747,Chiapas,CSIMB005343,7600,NO,NO,2026-09-06,2026-09-06,010.000.3407.00,Naproxeno, Tableta Cada Tableta contiene: Naproxeno 250 mg Envase con 30 Tabletas.,1,0
8024538,Chiapas,CSIMB005343,7642,NO,NO,2026-09-06,2026-09-06,010.000.3417.00,Diclofenaco, Cápsula o gragea de liberación prolongada. Cada gragea contiene: Diclofenaco sódico 100 mg Envase con 20 Cápsulas o Grageas.,1,1
8024506,Chiapas,CSIMB005343,7452,NO,NO,2026-09-06,2026-09-06,010.000.0104.00,Paracetamol, Tableta cada tableta contiene: paracetamol 500 mg. envase con 10 tabletas.,1,1
8024506,Chiapas,CSIMB005343,7452,NO,NO,2026-09-06,2026-09-06,010.000.3111.00,Difenidol, Tableta. Cada tableta contiene: Clorhidrato de difenidol equivalente a 25 mg de difenidol Envase con 30 Tabletas.,1,1
8024499,Chiapas,CSIMB005343,7553,NO,NO,2026-09-06,2026-09-06,010.000.1926.00,Dicloxacilina, Cápsula o comprimido. Cada cápsula o comprimido contiene: Dicloxacilina sódica 500 mg Envase con 20 Cápsulas o Comprimidos.,1,1
8024499,Chiapas,CSIMB005343,7553,NO,NO,2026-09-06,2026-09-06,010.000.0104.00,Paracetamol, Tableta cada tableta contiene: paracetamol 500 mg. envase con 10 tabletas.,1,1
8024554,Chiapas,CSIMB005343,7456,NO,NO,2026-09-06,2026-09-06,010.000.5186.00,Pantoprazol o rabeprazol u omeprazol, Tableta o Gragea o Cápsula Cada Tableta o Gragea o Cápsula contiene: Pantoprazol 40 mg o Rabeprazol sódico 20 mg u omeprazol 20 mg Envase con 7 Tabletas o Grageas o Cápsulas,1,1
8024554,Chiapas,CSIMB005343,7456,NO,NO,2026-09-06,2026-09-06,010.000.1206.00,Butilhioscina o hioscina, Gragea o Tableta Cada Gragea o Tableta contiene: Bromuro de butilhioscina o butilbromuro de hioscina 10 mg Envase con 10 Grageas o Tabletas.,1,1
8024554,Chiapas,CSIMB005343,7456,NO,NO,2026-09-06,2026-09-06,010.000.0108.00,Metamizol sodico, Comprimido cada comprimido contiene: metamizol sódico 500 mg. envase con 10 comprimidos.,1,0
8024573,Chiapas,CSIMB005343,7457,NO,NO,2026-09-06,2026-09-06,010.000.1310.00,Metronidazol, Suspensión Oral Cada 5 ml contienen: Benzoilo de metronidazol equivalente a 250 mg de metronidazol. Envase con 120 ml y dosificador.,1,1
8024573,Chiapas,CSIMB005343,7457,NO,NO,2026-09-06,2026-09-06,010.000.0106.00,Paracetamol, Solucion oral cada ml contiene: paracetamol 100 mg. envase con 15 ml gotero calibrado a 0.5 y 1 ml integrado o adjunto al envase que sirve de tapa.,1,1
8024573,Chiapas,CSIMB005343,7457,NO,NO,2026-09-06,2026-09-06,010.000.4260.00,Nistatina, Suspensión Oral Cada frasco con polvo contiene: Nistatina 2 400 000 UI Envase para 24 ml.,1,0
8024596,Chiapas,CSIMB005343,7282,NO,NO,2026-09-06,2026-09-06,010.000.5267.00,Fluconazol, Cápsula o Tableta Cada Cápsula o Tableta contiene: Fluconazol 100 mg Envase con 10 Cápsulas o Tabletas.,3,1
8024596,Chiapas,CSIMB005343,7282,NO,NO,2026-09-06,2026-09-06,010.000.0891.00,Miconazol, Crema Cada gramo contiene: Nitrato de miconazol 20 mg Envase con 20 g.,2,2
8024596,Chiapas,CSIMB005343,7282,NO,NO,2026-09-06,2026-09-06,010.000.0405.00,Difenhidramina, Jarabe. Cada 100 mililitros contienen: Clorhidrato de difenhidramina 250 mg. Envase con 60 ml.,2,2
8024626,Chiapas,CSIMB005343,7603,NO,NO,2026-09-06,2026-09-06,010.000.2127.00,Amoxicilina, Suspensión Oral Cada frasco con polvo contiene: Amoxicilina trihidratada equivalente a 7.5 g de amoxicilina. Envase con polvo para 75 ml (500 mg/5 ml).,1,0
8024626,Chiapas,CSIMB005343,7603,NO,NO,2026-09-06,2026-09-06,010.000.0106.00,Paracetamol, Solucion oral cada ml contiene: paracetamol 100 mg. envase con 15 ml gotero calibrado a 0.5 y 1 ml integrado o adjunto al envase que sirve de tapa.,1,1
8024626,Chiapas,CSIMB005343,7603,NO,NO,2026-09-06,2026-09-06,010.000.2463.00,Ambroxol, Solución Cada 100 ml contienen: Clorhidrato de ambroxol 300 mg Envase con 120 ml y dosificador.,1,1
8024639,Chiapas,CSIMB005343,7460,NO,NO,2026-09-06,2026-09-06,010.000.2145.00,Loratadina, Jarabe Cada 100 ml contienen: Loratadina 100 mg Envase con 60 ml y dosificador.,1,1
8024639,Chiapas,CSIMB005343,7460,NO,NO,2026-09-06,2026-09-06,010.000.0106.00,Paracetamol, Solucion oral cada ml contiene: paracetamol 100 mg. envase con 15 ml gotero calibrado a 0.5 y 1 ml integrado o adjunto al envase que sirve de tapa.,1,1
8024639,Chiapas,CSIMB005343,7460,NO,NO,2026-09-06,2026-09-06,010.000.4260.00,Nistatina, Suspensión Oral Cada frasco con polvo contiene: Nistatina 2 400 000 UI Envase para 24 ml.,1,0
8024662,Chiapas,CSIMB005343,7604,NO,NO,2026-09-06,2026-09-06,010.000.2127.00,Amoxicilina, Suspensión Oral Cada frasco con polvo contiene: Amoxicilina trihidratada equivalente a 7.5 g de amoxicilina. Envase con polvo para 75 ml (500 mg/5 ml).,1,0
8024662,Chiapas,CSIMB005343,7604,NO,NO,2026-09-06,2026-09-06,010.000.0106.00,Paracetamol, Solucion oral cada ml contiene: paracetamol 100 mg. envase con 15 ml gotero calibrado a 0.5 y 1 ml integrado o adjunto al envase que sirve de tapa.,2,2
8024662,Chiapas,CSIMB005343,7604,NO,NO,2026-09-06,2026-09-06,010.000.1904.00,Trimetoprima-sulfametoxazol, Suspensión Oral Cada 5 ml contienen: Trimetoprima 40 mg Sulfametoxazol 200 mg Envase con 120 ml y dosificador.,1,1
8024722,Chiapas,CSIMB005343,7458,NO,NO,2026-09-06,2026-09-06,010.000.5383.00,Multivitaminas (polivitaminas) y minerales, Jarabe. Cada 5 ml contienen: Vitamina A 2 500 UI. Vitamina D2 200 UI. Vitamina E 15.0 mg. Vitamina C 60.0 mg. Tiamina 1.05 mg. Riboflavina 1.2 mg. Piridoxina 1.05 mg. Cianocobalamina 4.5 µg. Nicotinamida 13.5 mg. Hierro elemental 10.0 mg. Envase con 240 ml y dosificador.,1,0
8026501,Chiapas,CSIMB005343,7587,NO,NO,2026-09-05,2026-09-05,010.000.0402.00,Clorfenamina, Tableta. Cada tableta contiene: Maleato de clorfenamina 4.0 mg Envase con 20 Tabletas.,1,1
8026163,Chiapas,CSIMB005343,7623,NO,NO,2026-09-13,2026-09-13,010.000.2804.00,NAFAZOLINA, SOLUCIÓN OFTÁLMICA CADA ML CONTIENE: CLORHIDRATO DE NAFAZOLINA 1 MG ENVASE CON GOTERO INTEGRAL CON 15 ML.,2,2
8026163,Chiapas,CSIMB005343,7623,NO,NO,2026-09-13,2026-09-13,010.000.0104.00,Paracetamol, Tableta cada tableta contiene: paracetamol 500 mg. envase con 10 tabletas.,1,1
8026187,Chiapas,CSIMB005343,7779,NO,NO,2026-09-13,2026-09-13,010.000.2128.01,Amoxicilina, Cápsula Cada Cápsula contiene: Amoxicilina trihidratada equivalente a 500 mg de amoxicilina. Envase con 15 Cápsulas.,1,1
8026187,Chiapas,CSIMB005343,7779,NO,NO,2026-09-13,2026-09-13,010.000.0104.00,Paracetamol, Tableta cada tableta contiene: paracetamol 500 mg. envase con 10 tabletas.,1,1
8026172,Chiapas,CSIMB005343,7619,NO,NO,0266-09-13,2026-09-13,010.000.0104.00,Paracetamol, Tableta cada tableta contiene: paracetamol 500 mg. envase con 10 tabletas.,1,1
8026204,Chiapas,CSIMB005343,7625,NO,NO,0266-09-13,2026-09-13,010.000.2128.01,Amoxicilina, Cápsula Cada Cápsula contiene: Amoxicilina trihidratada equivalente a 500 mg de amoxicilina. Envase con 15 Cápsulas.,1,1
8026204,Chiapas,CSIMB005343,7625,NO,NO,0266-09-13,2026-09-13,010.000.0104.00,Paracetamol, Tableta cada tableta contiene: paracetamol 500 mg. envase con 10 tabletas.,1,1
8026196,Chiapas,CSIMB005343,7817,NO,NO,2026-09-13,2026-09-13,010.000.0104.00,Paracetamol, Tableta cada tableta contiene: paracetamol 500 mg. envase con 10 tabletas.,1,1
8026214,Chiapas,CSIMB005343,7620,NO,NO,2026-09-13,2026-09-13,010.000.2127.00,Amoxicilina, Suspensión Oral Cada frasco con polvo contiene: Amoxicilina trihidratada equivalente a 7.5 g de amoxicilina. Envase con polvo para 75 ml (500 mg/5 ml).,1,0
8026214,Chiapas,CSIMB005343,7620,NO,NO,2026-09-13,2026-09-13,010.000.0106.00,Paracetamol, Solucion oral cada ml contiene: paracetamol 100 mg. envase con 15 ml gotero calibrado a 0.5 y 1 ml integrado o adjunto al envase que sirve de tapa.,1,1
8026214,Chiapas,CSIMB005343,7620,NO,NO,2026-09-13,2026-09-13,010.000.2463.00,Ambroxol, Solución Cada 100 ml contienen: Clorhidrato de ambroxol 300 mg Envase con 120 ml y dosificador.,1,1
8026222,Chiapas,CSIMB005343,7621,NO,NO,2026-09-13,2026-09-13,010.000.0861.00,BENCILO ,EMULSION DERMICA CADA ML CONTIENE: BENZOATO DE BENCILO 300 MG ENVASECON 120 ML,1,0
8026222,Chiapas,CSIMB005343,7621,NO,NO,2026-09-13,2026-09-13,010.000.2144.00,Loratadina, Tableta o gragea. Cada tableta o gragea contienen: Loratadina 10 mg. Envase con 20 tabletas o grageas.,1,0
8026222,Chiapas,CSIMB005343,7621,NO,NO,2026-09-13,2026-09-13,010.000.0804.00,Óxido de zinc, Pasta Cada 100 g contienen: Óxido de zinc 25. 0 g Envase con 30 g.,2,2
8026252,Chiapas,CSIMB005343,7820,NO,NO,2026-09-13,2026-09-13,010.000.1308.01,Metronidazol, Tableta Cada Tableta contiene: Metronidazol 500 mg Envase con 30 Tabletas.,1,1
8026252,Chiapas,CSIMB005343,7820,NO,NO,2026-09-13,2026-09-13,010.000.1903.00,Trimetoprima-sulfametoxazol, Comprimido o Tableta Cada Comprimido o Tableta contiene: Trimetoprima 80 mg Sulfametoxazol 400 mg Envase con 20 Comprimidos o Tabletas.,1,1
8026252,Chiapas,CSIMB005343,7820,NO,NO,2026-09-13,2026-09-13,010.000.1206.00,Butilhioscina o hioscina, Gragea o Tableta Cada Gragea o Tableta contiene: Bromuro de butilhioscina o butilbromuro de hioscina 10 mg Envase con 10 Grageas o Tabletas.,1,0
8026244,Chiapas,CSIMB005343,7818,NO,NO,2026-09-13,2026-09-13,010.000.2127.00,Amoxicilina, Suspensión Oral Cada frasco con polvo contiene: Amoxicilina trihidratada equivalente a 7.5 g de amoxicilina. Envase con polvo para 75 ml (500 mg/5 ml).,1,0
8026244,Chiapas,CSIMB005343,7818,NO,NO,2026-09-13,2026-09-13,010.000.0106.00,Paracetamol, Solucion oral cada ml contiene: paracetamol 100 mg. envase con 15 ml gotero calibrado a 0.5 y 1 ml integrado o adjunto al envase que sirve de tapa.,1,1
8026244,Chiapas,CSIMB005343,7818,NO,NO,2026-09-13,2026-09-13,010.000.2463.00,Ambroxol, Solución Cada 100 ml contienen: Clorhidrato de ambroxol 300 mg Envase con 120 ml y dosificador.,1,1
8026263,Chiapas,CSIMB005343,7816,NO,NO,2026-09-13,2026-09-13,010.000.2127.00,Amoxicilina, Suspensión Oral Cada frasco con polvo contiene: Amoxicilina trihidratada equivalente a 7.5 g de amoxicilina. Envase con polvo para 75 ml (500 mg/5 ml).,1,0
8026263,Chiapas,CSIMB005343,7816,NO,NO,2026-09-13,2026-09-13,010.000.0106.00,Paracetamol, Solucion oral cada ml contiene: paracetamol 100 mg. envase con 15 ml gotero calibrado a 0.5 y 1 ml integrado o adjunto al envase que sirve de tapa.,1,1
8026263,Chiapas,CSIMB005343,7816,NO,NO,2026-09-13,2026-09-13,010.000.3623.00,Electrolitos Orales, Solución Cada sobre con polvo contiene: Glucosa 20.0 g Cloruro de potasio 1.5 g Cloruro de sodio 3.5 g Citrato trisódico dihidratado 2.9 g Envase con 27.9 g,3,3
8026288,Chiapas,CSIMB005343,7624,NO,NO,2026-09-13,2026-09-13,010.000.1903.00,Trimetoprima-sulfametoxazol, Comprimido o Tableta Cada Comprimido o Tableta contiene: Trimetoprima 80 mg Sulfametoxazol 400 mg Envase con 20 Comprimidos o Tabletas.,1,1
8026288,Chiapas,CSIMB005343,7624,NO,NO,2026-09-13,2026-09-13,010.000.3111.00,Difenidol, Tableta. Cada tableta contiene: Clorhidrato de difenidol equivalente a 25 mg de difenidol Envase con 30 Tabletas.,1,0
8026288,Chiapas,CSIMB005343,7624,NO,NO,2026-09-13,2026-09-13,010.000.1206.00,Butilhioscina o hioscina, Gragea o Tableta Cada Gragea o Tableta contiene: Bromuro de butilhioscina o butilbromuro de hioscina 10 mg Envase con 10 Grageas o Tabletas.,1,0
8026298,Chiapas,CSIMB005343,7821,NO,NO,2026-09-13,2026-09-13,010.000.1903.00,Trimetoprima-sulfametoxazol, Comprimido o Tableta Cada Comprimido o Tableta contiene: Trimetoprima 80 mg Sulfametoxazol 400 mg Envase con 20 Comprimidos o Tabletas.,1,1
8026298,Chiapas,CSIMB005343,7821,NO,NO,2026-09-13,2026-09-13,010.000.1206.00,Butilhioscina o hioscina, Gragea o Tableta Cada Gragea o Tableta contiene: Bromuro de butilhioscina o butilbromuro de hioscina 10 mg Envase con 10 Grageas o Tabletas.,1,0
8026298,Chiapas,CSIMB005343,7821,NO,NO,2026-09-13,2026-09-13,010.000.3623.00,Electrolitos Orales, Solución Cada sobre con polvo contiene: Glucosa 20.0 g Cloruro de potasio 1.5 g Cloruro de sodio 3.5 g Citrato trisódico dihidratado 2.9 g Envase con 27.9 g,3,3
8026310,Chiapas,CSIMB005343,7822,NO,NO,2026-09-13,2026-09-13,010.000.2144.00,Loratadina, Tableta o gragea. Cada tableta o gragea contienen: Loratadina 10 mg. Envase con 20 tabletas o grageas.,1,0
8026310,Chiapas,CSIMB005343,7822,NO,NO,2026-09-13,2026-09-13,010.000.0804.00,Óxido de zinc, Pasta Cada 100 g contienen: Óxido de zinc 25. 0 g Envase con 30 g.,2,2
8026231,Chiapas,CSIMB005343,7819,NO,NO,2026-09-13,2026-09-13,010.000.2128.01,Amoxicilina, Cápsula Cada Cápsula contiene: Amoxicilina trihidratada equivalente a 500 mg de amoxicilina. Envase con 15 Cápsulas.,1,1
8026231,Chiapas,CSIMB005343,7819,NO,NO,2026-09-13,2026-09-13,010.000.5943.00,Ibuprofeno, Suspensión Oral Cada 100 ml contienen: Ibuprofeno 2 g Envase con 120 ml y medida dosificadora,1,1
8026231,Chiapas,CSIMB005343,7819,NO,NO,2026-09-13,2026-09-13,010.000.2145.00,Loratadina, Jarabe Cada 100 ml contienen: Loratadina 100 mg Envase con 60 ml y dosificador.,1,0
8026278,Chiapas,CSIMB005343,7781,NO,NO,2026-09-13,2026-09-13,010.000.1927.00,Dicloxacilina, Suspensión Oral. Cada 5 ml contienen: Dicloxacilina sódica 250 mg Envase con polvo para 60 ml y dosificador.,2,0
8026278,Chiapas,CSIMB005343,7781,NO,NO,2026-09-13,2026-09-13,010.000.5941.00,Ibuprofeno, Tableta O Cápsula: Cada Tableta o Cápsula contiene: Ibuprofeno 400 mg Envase con 10 Tabletas o Cápsulas,1,1
8026137,Chiapas,CSIMB005343,7809,NO,NO,2026-09-13,2026-09-13,010.000.1940.00,Doxiciclina, Cápsula o Tableta Cada Cápsula o Tableta contiene: Hiclato de doxiciclina equivalente a 100 mg de doxicilina. Envase con 10 Cápsulas o Tabletas.,1,1
8026137,Chiapas,CSIMB005343,7809,NO,NO,2026-09-13,2026-09-13,010.000.3623.00,Electrolitos Orales, Solución Cada sobre con polvo contiene: Glucosa 20.0 g Cloruro de potasio 1.5 g Cloruro de sodio 3.5 g Citrato trisódico dihidratado 2.9 g Envase con 27.9 g,3,3
8026143,Chiapas,CSIMB005343,7780,NO,NO,2026-09-13,2026-09-13,010.000.2128.01,Amoxicilina, Cápsula Cada Cápsula contiene: Amoxicilina trihidratada equivalente a 500 mg de amoxicilina. Envase con 15 Cápsulas.,2,2
8026143,Chiapas,CSIMB005343,7780,NO,NO,2026-09-13,2026-09-13,010.000.0104.00,Paracetamol, Tableta cada tableta contiene: paracetamol 500 mg. envase con 10 tabletas.,1,1
8026151,Chiapas,CSIMB005343,7622,NO,NO,2026-09-13,2026-09-13,010.000.3623.00,Electrolitos Orales, Solución Cada sobre con polvo contiene: Glucosa 20.0 g Cloruro de potasio 1.5 g Cloruro de sodio 3.5 g Citrato trisódico dihidratado 2.9 g Envase con 27.9 g,6,6
8026814,Chiapas,CSIMB005343,7448,NO,NO,2026-09-05,2026-09-05,010.000.2230.00,Amoxicilina acido clavulánico, Tableta Cada Tableta contiene: amoxicilina trihidratada equivalente a 500 mg de amoxilina. Clavulanato de potasio equivalente a 125 mg de ácido clavulánico. Envase con 12 Tabletas.,1,0
8026814,Chiapas,CSIMB005343,7448,NO,NO,2026-09-05,2026-09-05,010.000.0104.00,Paracetamol, Tableta cada tableta contiene: paracetamol 500 mg. envase con 10 tabletas.,1,1
8026814,Chiapas,CSIMB005343,7448,NO,NO,2026-09-05,2026-09-05,010.000.2463.00,Ambroxol, Solución Cada 100 ml contienen: Clorhidrato de ambroxol 300 mg Envase con 120 ml y dosificador.,1,0
8026501,Chiapas,CSIMB005343,7587,NO,NO,2026-09-05,2026-09-05,010.000.1224.00,Aluminio y magnesio, Suspensión Oral Cada 100 ml contienen: Hidróxido de aluminio 3.7 g Hidróxido de magnesio 4.0 g o trisilicato de magnesio: 8.9 g Envase con 240 ml y dosificador.,1,1
8026535,Chiapas,CSIMB005343,7278,NO,NO,2026-09-05,2026-09-05,010.000.1206.00,Butilhioscina o hioscina, Gragea o Tableta Cada Gragea o Tableta contiene: Bromuro de butilhioscina o butilbromuro de hioscina 10 mg Envase con 10 Grageas o Tabletas.,1,1
8026839,Chiapas,CSIMB005343,7449,NO,NO,2026-09-05,2026-09-05,010.000.1972.00,ERITROMICINA, SUSPENSIÓN ORAL CADA 5 ML CONTIENEN: ESTEARATO O ETILSUCCINATO O ESTOLATO DE ERITROMICINA EQUIVALENTE A 250 MG DE ERITROMICINA. ENVASE CON POLVO PARA 100 ML Y DOSIFICADOR.,1,0
8026839,Chiapas,CSIMB005343,7449,NO,NO,2026-09-05,2026-09-05,010.000.0106.00,Paracetamol, Solucion oral cada ml contiene: paracetamol 100 mg. envase con 15 ml gotero calibrado a 0.5 y 1 ml integrado o adjunto al envase que sirve de tapa.,2,2
8026839,Chiapas,CSIMB005343,7449,NO,NO,2026-09-05,2026-09-05,010.000.2145.00,Loratadina, Jarabe Cada 100 ml contienen: Loratadina 100 mg Envase con 60 ml y dosificador.,1,1
8026864,Chiapas,CSIMB005343,7450,NO,NO,2026-09-05,2026-09-05,010.000.1926.00,Dicloxacilina, Cápsula o comprimido. Cada cápsula o comprimido contiene: Dicloxacilina sódica 500 mg Envase con 20 Cápsulas o Comprimidos.,1,1
8026864,Chiapas,CSIMB005343,7450,NO,NO,2026-09-05,2026-09-05,010.000.3407.00,Naproxeno, Tableta Cada Tableta contiene: Naproxeno 250 mg Envase con 30 Tabletas.,1,0
8026535,Chiapas,CSIMB005343,7278,NO,NO,2026-09-05,2026-09-05,010.000.0108.00,Metamizol sodico, Comprimido cada comprimido contiene: metamizol sódico 500 mg. envase con 10 comprimidos.,1,0
8026535,Chiapas,CSIMB005343,7278,NO,NO,2026-09-05,2026-09-05,010.000.1224.00,Aluminio y magnesio, Suspensión Oral Cada 100 ml contienen: Hidróxido de aluminio 3.7 g Hidróxido de magnesio 4.0 g o trisilicato de magnesio: 8.9 g Envase con 240 ml y dosificador.,1,1
8026566,Chiapas,CSIMB005343,7279,NO,NO,2026-09-05,2026-09-05,010.000.5186.00,Pantoprazol o rabeprazol u omeprazol, Tableta o Gragea o Cápsula Cada Tableta o Gragea o Cápsula contiene: Pantoprazol 40 mg o Rabeprazol sódico 20 mg u omeprazol 20 mg Envase con 7 Tabletas o Grageas o Cápsulas,1,1
8026566,Chiapas,CSIMB005343,7279,NO,NO,2026-09-05,2026-09-05,010.000.3422.00,Ketorolaco ,solucion inyectable cada frasco ámpula o ampolleta contiene: ketorolaco-trometamina 30 mg envase con 3 frascos ámpula o 3 ampolletas de 1 ml,1,1
8026566,Chiapas,CSIMB005343,7279,NO,NO,2026-09-05,2026-09-05,010.000.5187.00,Omeprazol o pantoprazol, Solución Inyectable Cada frasco ámpula con liofilizado contiene: omeprazol sódico equivalente a 40 mg de omeprazol. o pantoprazol sódico equivalente a 40 mg de pantoprazol. Envase con un frasco ámpula con liofilizado y ampolleta con 10 ml de diluyente.,1,1
8026591,Chiapas,CSIMB005343,7280,NO,NO,2026-09-05,2026-09-05,010.000.4299.00,LEVOFLOXACINO TABLETA CADA TABLETA CONTIENE: LEVOFLOXACINO HEMIHIDRATADOEQUIVALENTE A 500 MG DE LEVOFLOXACINO, ENVASE CON 7 TABLETAS.,1,1
8026591,Chiapas,CSIMB005343,7280,NO,NO,2026-09-05,2026-09-05,010.000.5106.00,Atorvastatina, Tableta Cada Tableta contiene: Atorvastatina cálcica trihidratada equivalente a 20 mg de atorvastatina. Envase con 10 Tabletas.,1,1
8026591,Chiapas,CSIMB005343,7280,NO,NO,2026-09-05,2026-09-05,010.000.0655.00,BEZAFIBRATO ,TABLETA CADA TABLETA CONTIENE: BEZAFIBRATO 200 MG ENVASE CON 30TABLETAS,1,0
8026618,Chiapas,CSIMB005343,7281,NO,NO,2026-09-05,2026-09-05,010.000.0872.00,CLIOQUINOL," CREMA 
  Cada g contiene: Clioquinol 30 mg. 
  Envase con 20 g.",1,1
8026618,Chiapas,CSIMB005343,7281,NO,NO,2026-09-05,2026-09-05,010.000.1903.00,Trimetoprima-sulfametoxazol, Comprimido o Tableta Cada Comprimido o Tableta contiene: Trimetoprima 80 mg Sulfametoxazol 400 mg Envase con 20 Comprimidos o Tabletas.,1,1
8026618,Chiapas,CSIMB005343,7281,NO,NO,2026-09-05,2026-09-05,010.000.3417.00,Diclofenaco, Cápsula o gragea de liberación prolongada. Cada gragea contiene: Diclofenaco sódico 100 mg Envase con 20 Cápsulas o Grageas.,1,1
8026682,Chiapas,CSIMB005343,JC129,NO,NO,2026-09-05,2026-09-05,010.000.1927.00,Dicloxacilina, Suspensión Oral. Cada 5 ml contienen: Dicloxacilina sódica 250 mg Envase con polvo para 60 ml y dosificador.,2,0
8027261,Chiapas,CSIMB005343,7506,NO,NO,2026-09-06,2026-09-06,010.000.1929.00,AMPICILINA TABLETA O CAPSULA CADA TABLETA O CAPSULA CONTIENE: AMPICILINAANHIDRA O AMPICILINA TRIHIDRATADA EQUIVALENTE A 500 MG DE AMPICILINA, ENVASECON 20 TABLETAS O CAPSULAS.,1,1
8027261,Chiapas,CSIMB005343,7506,NO,NO,2026-09-06,2026-09-06,010.000.0104.00,Paracetamol, Tableta cada tableta contiene: paracetamol 500 mg. envase con 10 tabletas.,1,1
8027275,Chiapas,CSIMB005343,7606,NO,NO,2026-09-06,2026-09-06,010.000.5186.00,Pantoprazol o rabeprazol u omeprazol, Tableta o Gragea o Cápsula Cada Tableta o Gragea o Cápsula contiene: Pantoprazol 40 mg o Rabeprazol sódico 20 mg u omeprazol 20 mg Envase con 7 Tabletas o Grageas o Cápsulas,1,1
8027275,Chiapas,CSIMB005343,7606,NO,NO,2026-09-06,2026-09-06,010.000.1206.00,Butilhioscina o hioscina, Gragea o Tableta Cada Gragea o Tableta contiene: Bromuro de butilhioscina o butilbromuro de hioscina 10 mg Envase con 10 Grageas o Tabletas.,1,1
8027275,Chiapas,CSIMB005343,7606,NO,NO,2026-09-06,2026-09-06,010.000.0108.00,Metamizol sodico, Comprimido cada comprimido contiene: metamizol sódico 500 mg. envase con 10 comprimidos.,1,0
8027283,Chiapas,CSIMB005343,7607,NO,NO,2026-09-06,2026-09-06,010.000.6007.01,Dapagliflozina, Tableta. Cada tableta contiene: Dapagliflozina propanodiol equivalente a 10 mg de dapagliflozina. Envase con 28 tabletas.,1,1
8027283,Chiapas,CSIMB005343,7607,NO,NO,2026-09-06,2026-09-06,010.000.5186.00,Pantoprazol o rabeprazol u omeprazol, Tableta o Gragea o Cápsula Cada Tableta o Gragea o Cápsula contiene: Pantoprazol 40 mg o Rabeprazol sódico 20 mg u omeprazol 20 mg Envase con 7 Tabletas o Grageas o Cápsulas,3,3
8027283,Chiapas,CSIMB005343,7607,NO,NO,2026-09-06,2026-09-06,010.000.2128.01,Amoxicilina, Cápsula Cada Cápsula contiene: Amoxicilina trihidratada equivalente a 500 mg de amoxicilina. Envase con 15 Cápsulas.,2,2
8026682,Chiapas,CSIMB005343,JC129,NO,NO,2026-09-05,2026-09-05,010.000.5943.00,Ibuprofeno, Suspensión Oral Cada 100 ml contienen: Ibuprofeno 2 g Envase con 120 ml y medida dosificadora,2,2
8026691,Chiapas,CSIMB005343,JC130,NO,NO,2026-09-05,2026-09-05,010.000.5186.00,Pantoprazol o rabeprazol u omeprazol, Tableta o Gragea o Cápsula Cada Tableta o Gragea o Cápsula contiene: Pantoprazol 40 mg o Rabeprazol sódico 20 mg u omeprazol 20 mg Envase con 7 Tabletas o Grageas o Cápsulas,1,1
8026710,Chiapas,CSIMB005343,JC131,NO,NO,2026-09-05,2026-09-05,010.000.1224.00,Aluminio y magnesio, Suspensión Oral Cada 100 ml contienen: Hidróxido de aluminio 3.7 g Hidróxido de magnesio 4.0 g o trisilicato de magnesio: 8.9 g Envase con 240 ml y dosificador.,1,1
8026710,Chiapas,CSIMB005343,JC131,NO,NO,2026-09-05,2026-09-05,010.000.3422.00,Ketorolaco ,solucion inyectable cada frasco ámpula o ampolleta contiene: ketorolaco-trometamina 30 mg envase con 3 frascos ámpula o 3 ampolletas de 1 ml,1,1
8026710,Chiapas,CSIMB005343,JC131,NO,NO,2026-09-05,2026-09-05,010.000.5186.00,Pantoprazol o rabeprazol u omeprazol, Tableta o Gragea o Cápsula Cada Tableta o Gragea o Cápsula contiene: Pantoprazol 40 mg o Rabeprazol sódico 20 mg u omeprazol 20 mg Envase con 7 Tabletas o Grageas o Cápsulas,1,1
8026751,Chiapas,CSIMB005343,7447,NO,NO,2026-09-05,2026-09-05,010.000.2230.00,Amoxicilina acido clavulánico, Tableta Cada Tableta contiene: amoxicilina trihidratada equivalente a 500 mg de amoxilina. Clavulanato de potasio equivalente a 125 mg de ácido clavulánico. Envase con 12 Tabletas.,1,0
8026751,Chiapas,CSIMB005343,7447,NO,NO,2026-09-05,2026-09-05,010.000.0104.00,Paracetamol, Tableta cada tableta contiene: paracetamol 500 mg. envase con 10 tabletas.,1,1
8028586,Chiapas,CSIMB005343,JC143,NO,NO,2026-09-14,2026-09-14,010.000.1925.00,Benzatina bencilpenicilina, Suspensión Inyectable Cada frasco ámpula con polvo contiene: Benzatina bencilpenicilina equivalente a 1 200 000 UI de bencilpenicilina. Envase con un frasco ámpula y 5 ml de diluyente.,3,0
8028058,Chiapas,CSIMB005343,JC140,NO,NO,2026-09-13,2026-09-13,010.000.4300.00,Levofloxacino, Tableta Cada Tableta contiene: Levofloxacino hemihidratado equivalente a 750 mg de levofloxacino. Envase con 7 Tabletas.,1,1
8028058,Chiapas,CSIMB005343,JC140,NO,NO,2026-09-13,2026-09-13,010.000.3622.00,ELECTROLITOS ORALES, POLVO (FÓRMULA DE OSMOLARIDAD BAJA) CADA SOBRE CON POLVO CONTIENE: GLUCOSA ANHIDRA O GLUCOSA 13.5 G CLORURO DE POTASIO 1.5 G CLORURO DE SODIO 2.6 G CITRATO TRISÓDICO DIHIDRATADO 2.9 G ENVASE CON 20.5 G,3,3
8028058,Chiapas,CSIMB005343,JC140,NO,NO,2026-09-13,2026-09-13,010.000.4184.00,Loperamida, Comprimido tableta o gragea. Cada comprimido tableta o gragea contiene: Clorhidrato de loperamida 2 mg. Envase con 12 comprimidos tabletas o grageas.,1,1
8028062,Chiapas,CSIMB005343,JC141,NO,NO,2026-09-13,2026-09-13,010.000.2471.00,CLORFENAMINA COMPUESTA," TABLETA CADA TABLETA CONTIENE PARACETAMOL 500 MG,CAFEINA 25 MG, CLORHIDRATO DE FENILEFRINA 5 MG, MALEATO DE CLORFENAMINA 4 MG,ENVASE CON 10 TABLETAS",1,0
8028062,Chiapas,CSIMB005343,JC141,NO,NO,2026-09-13,2026-09-13,010.000.3417.00,Diclofenaco, Cápsula o gragea de liberación prolongada. Cada gragea contiene: Diclofenaco sódico 100 mg Envase con 20 Cápsulas o Grageas.,1,1
8028062,Chiapas,CSIMB005343,JC141,NO,NO,2026-09-13,2026-09-13,010.000.2463.00,Ambroxol, Solución Cada 100 ml contienen: Clorhidrato de ambroxol 300 mg Envase con 120 ml y dosificador.,1,1
8028070,Chiapas,CSIMB005343,JC142,NO,NO,2026-09-13,2026-09-13,010.000.2129.00,AMOXICILINA ACIDO CLAVULÁNICO, SUSPENSIÓN ORAL CADA FRASCO CON POLVO CONTIENE: AMOXICILINA TRIHIDRATADA EQUIVALENTE A 1.5 G DE AMOXICILINA. CLAVULANATO DE POTASIO EQUIVALENTE A 375 MG DE ÁCIDO CLAVULÁNICO. ENVASE CON 60 ML CADA 5 ML CON 125 MG DE AMOXICILINA Y 31.25 MG ÁCIDO CLAVULÁNICO.,4,4
8028070,Chiapas,CSIMB005343,JC142,NO,NO,2026-09-13,2026-09-13,010.000.5943.00,Ibuprofeno, Suspensión Oral Cada 100 ml contienen: Ibuprofeno 2 g Envase con 120 ml y medida dosificadora,1,1
8028070,Chiapas,CSIMB005343,JC142,NO,NO,2026-09-13,2026-09-13,010.000.2145.00,Loratadina, Jarabe Cada 100 ml contienen: Loratadina 100 mg Envase con 60 ml y dosificador.,1,1
8028688,Chiapas,CSIMB005343,7827,NO,NO,2026-09-14,2026-09-14,010.000.3407.00,Naproxeno, Tableta Cada Tableta contiene: Naproxeno 250 mg Envase con 30 Tabletas.,1,0
8028024,Chiapas,CSIMB005343,7810,NO,NO,2026-09-13,2026-09-13,010.000.2814.00,Hipromelosa, Solución Oftálmica al 0.5% Cada ml contiene: Hipromelosa 5 mg Envase con gotero integral con 15 ml.,1,1
8028024,Chiapas,CSIMB005343,7810,NO,NO,2026-09-13,2026-09-13,010.000.2540.00,Telmisartán, Tableta Cada Tableta contiene: Telmisartán 40 mg Envase con 30 Tabletas.,2,2
8028024,Chiapas,CSIMB005343,7810,NO,NO,2026-09-13,2026-09-13,010.000.2714.00,Complejo b, Tableta Comprimido o Cápsula. Cada tableta Comprimido o Cápsula contiene: Mononitrato o clorhidrato de Tiamina 100 mg. Clorhidrato de piridoxina 5 mg. Cianocobalamina 50 µg Envase con 30 Tabletas Comprimidos o Cápsulas.,2,2
8028030,Chiapas,CSIMB005343,7823,NO,NO,2026-09-13,2026-09-13,010.000.0104.00,Paracetamol, Tableta cada tableta contiene: paracetamol 500 mg. envase con 10 tabletas.,1,1
8028030,Chiapas,CSIMB005343,7823,NO,NO,2026-09-13,2026-09-13,010.000.6007.01,Dapagliflozina, Tableta. Cada tableta contiene: Dapagliflozina propanodiol equivalente a 10 mg de dapagliflozina. Envase con 28 tabletas.,3,3
8028039,Chiapas,CSIMB005343,7825,NO,NO,2026-09-13,2026-09-13,010.000.1929.00,AMPICILINA TABLETA O CAPSULA CADA TABLETA O CAPSULA CONTIENE: AMPICILINAANHIDRA O AMPICILINA TRIHIDRATADA EQUIVALENTE A 500 MG DE AMPICILINA, ENVASECON 20 TABLETAS O CAPSULAS.,1,1
8028039,Chiapas,CSIMB005343,7825,NO,NO,2026-09-13,2026-09-13,010.000.0104.00,Paracetamol, Tableta cada tableta contiene: paracetamol 500 mg. envase con 10 tabletas.,1,1
8028039,Chiapas,CSIMB005343,7825,NO,NO,2026-09-13,2026-09-13,010.000.3623.00,Electrolitos Orales, Solución Cada sobre con polvo contiene: Glucosa 20.0 g Cloruro de potasio 1.5 g Cloruro de sodio 3.5 g Citrato trisódico dihidratado 2.9 g Envase con 27.9 g,3,3
8028034,Chiapas,CSIMB005343,7824,NO,NO,2026-09-13,2026-09-13,010.000.1904.00,Trimetoprima-sulfametoxazol, Suspensión Oral Cada 5 ml contienen: Trimetoprima 40 mg Sulfametoxazol 200 mg Envase con 120 ml y dosificador.,1,1
8028034,Chiapas,CSIMB005343,7824,NO,NO,2026-09-13,2026-09-13,010.000.0106.00,Paracetamol, Solucion oral cada ml contiene: paracetamol 100 mg. envase con 15 ml gotero calibrado a 0.5 y 1 ml integrado o adjunto al envase que sirve de tapa.,1,1
8028034,Chiapas,CSIMB005343,7824,NO,NO,2026-09-13,2026-09-13,010.000.3623.00,Electrolitos Orales, Solución Cada sobre con polvo contiene: Glucosa 20.0 g Cloruro de potasio 1.5 g Cloruro de sodio 3.5 g Citrato trisódico dihidratado 2.9 g Envase con 27.9 g,3,3
8028045,Chiapas,CSIMB005343,JC137,NO,NO,2026-09-13,2026-09-13,010.000.5106.00,Atorvastatina, Tableta Cada Tableta contiene: Atorvastatina cálcica trihidratada equivalente a 20 mg de atorvastatina. Envase con 10 Tabletas.,1,1
8028045,Chiapas,CSIMB005343,JC137,NO,NO,2026-09-13,2026-09-13,010.000.4483.01,Fluoxetina, Cápsula o Tableta Cada Cápsula o Tableta contiene: Clorhidrato de fluoxetina equivalente a 20 mg de fluoxetina. Envase con 28 Cápsulas o Tabletas.,1,1
8028045,Chiapas,CSIMB005343,JC137,NO,NO,2026-09-13,2026-09-13,010.000.1701.00,Fumarato ferroso, Tableta. Cada tableta contiene: Fumarato ferroso 200 mg equivalente a 65.74 mg de hierro elemental. Envase con 50 Tabletas.,1,1
8028047,Chiapas,CSIMB005343,JC138,NO,NO,2026-09-13,2026-09-13,010.000.1929.00,AMPICILINA TABLETA O CAPSULA CADA TABLETA O CAPSULA CONTIENE: AMPICILINAANHIDRA O AMPICILINA TRIHIDRATADA EQUIVALENTE A 500 MG DE AMPICILINA, ENVASECON 20 TABLETAS O CAPSULAS.,1,1
8028047,Chiapas,CSIMB005343,JC138,NO,NO,2026-09-13,2026-09-13,010.000.3407.00,Naproxeno, Tableta Cada Tableta contiene: Naproxeno 250 mg Envase con 30 Tabletas.,1,0
8028047,Chiapas,CSIMB005343,JC138,NO,NO,2026-09-13,2026-09-13,010.000.2463.00,Ambroxol, Solución Cada 100 ml contienen: Clorhidrato de ambroxol 300 mg Envase con 120 ml y dosificador.,1,1
8028049,Chiapas,CSIMB005343,JC139,NO,NO,2026-09-13,2026-09-13,010.000.3407.00,Naproxeno, Tableta Cada Tableta contiene: Naproxeno 250 mg Envase con 30 Tabletas.,1,0
8028586,Chiapas,CSIMB005343,JC143,NO,NO,2026-09-14,2026-09-14,010.000.4241.00,Dexametasona, Solución Inyectable. Cada frasco ámpula o ampolleta contiene: Fosfato sódico de dexametasona equivalente a 8 mg de fosfato de dexametasona. Envase con un frasco ámpula o ampolleta con 2 ml.,1,1
8028586,Chiapas,CSIMB005343,JC143,NO,NO,2026-09-14,2026-09-14,010.000.6281.00,AMOXICILINA / ÁCIDO CLAVULÁNICO, TABLETA Cada tableta contiene: Amoxicilina trihidratada equivalente a 875 mg de amoxicilina. Clavulanato de potasio equivalente a 125 mg de ácido clavulánico. Envase con 10 tabletas,1,1
8028588,Chiapas,CSIMB005343,JC144,NO,NO,2026-09-14,2026-09-14,010.000.6281.00,AMOXICILINA / ÁCIDO CLAVULÁNICO, TABLETA Cada tableta contiene: Amoxicilina trihidratada equivalente a 875 mg de amoxicilina. Clavulanato de potasio equivalente a 125 mg de ácido clavulánico. Envase con 10 tabletas,1,0
8028588,Chiapas,CSIMB005343,JC144,NO,NO,2026-09-14,2026-09-14,010.000.5941.00,Ibuprofeno, Tableta O Cápsula: Cada Tableta o Cápsula contiene: Ibuprofeno 400 mg Envase con 10 Tabletas o Cápsulas,1,0
8062475,Chiapas,CSIMB005343,07737,NO,NO,2026-09-15,2026-09-15,010.000.2814.00,Hipromelosa, Solución Oftálmica al 0.5% Cada ml contiene: Hipromelosa 5 mg Envase con gotero integral con 15 ml.,1,1
8062421,Chiapas,CSIMB005343,07736,NO,NO,2026-09-15,2026-09-15,010.000.2814.00,Hipromelosa, Solución Oftálmica al 0.5% Cada ml contiene: Hipromelosa 5 mg Envase con gotero integral con 15 ml.,1,1
8062421,Chiapas,CSIMB005343,07736,NO,NO,2026-09-15,2026-09-15,010.000.0104.00,Paracetamol, Tableta cada tableta contiene: paracetamol 500 mg. envase con 10 tabletas.,1,1
8062533,Chiapas,CSIMB005343,07712,NO,NO,2026-09-15,2026-09-15,010.000.3623.00,Electrolitos Orales, Solución Cada sobre con polvo contiene: Glucosa 20.0 g Cloruro de potasio 1.5 g Cloruro de sodio 3.5 g Citrato trisódico dihidratado 2.9 g Envase con 27.9 g,3,0
8062533,Chiapas,CSIMB005343,07712,NO,NO,2026-09-15,2026-09-15,010.000.0801.01,Baño coloide envase con dos sobres de 90 gramos," POLVO
  Cada gramo contiene:
  Harina de soya 965 mg.
  (contenido proteico 45%).
  Polividona 20 mg.",1,0
8062457,Chiapas,CSIMB005343,07736,NO,NO,2026-09-15,2026-09-15,010.000.2144.00,Loratadina, Tableta o gragea. Cada tableta o gragea contienen: Loratadina 10 mg. Envase con 20 tabletas o grageas.,1,1
8062457,Chiapas,CSIMB005343,07736,NO,NO,2026-09-15,2026-09-15,010.000.0104.00,Paracetamol, Tableta cada tableta contiene: paracetamol 500 mg. envase con 10 tabletas.,1,1
8062521,Chiapas,CSIMB005343,07711,NO,NO,2026-09-15,2026-09-15,010.000.3623.00,Electrolitos Orales, Solución Cada sobre con polvo contiene: Glucosa 20.0 g Cloruro de potasio 1.5 g Cloruro de sodio 3.5 g Citrato trisódico dihidratado 2.9 g Envase con 27.9 g,3,3
8062521,Chiapas,CSIMB005343,07711,NO,NO,2026-09-15,2026-09-15,010.000.1904.00,Trimetoprima-sulfametoxazol, Suspensión Oral Cada 5 ml contienen: Trimetoprima 40 mg Sulfametoxazol 200 mg Envase con 120 ml y dosificador.,1,1
8062521,Chiapas,CSIMB005343,07711,NO,NO,2026-09-15,2026-09-15,010.000.1345.00,Albendazol, Suspensión Oral Cada frasco contiene: albendazol 400 mg Envase con 20 ml.,4,2
8062624,Chiapas,CSIMB005343,GEG0016,NO,NO,2026-09-15,2026-09-15,010.000.6007.01,Dapagliflozina, Tableta. Cada tableta contiene: Dapagliflozina propanodiol equivalente a 10 mg de dapagliflozina. Envase con 28 tabletas.,1,1
8062475,Chiapas,CSIMB005343,07737,NO,NO,2026-09-15,2026-09-15,010.000.3417.00,Diclofenaco, Cápsula o gragea de liberación prolongada. Cada gragea contiene: Diclofenaco sódico 100 mg Envase con 20 Cápsulas o Grageas.,1,1
8062482,Chiapas,CSIMB005343,7786,NO,NO,2026-09-15,2026-09-15,010.000.1929.00,AMPICILINA TABLETA O CAPSULA CADA TABLETA O CAPSULA CONTIENE: AMPICILINAANHIDRA O AMPICILINA TRIHIDRATADA EQUIVALENTE A 500 MG DE AMPICILINA, ENVASECON 20 TABLETAS O CAPSULAS.,1,1
8062489,Chiapas,CSIMB005343,07784,NO,NO,2026-09-15,2026-09-15,010.000.1308.00,Metronidazol,TABLETA Cada tableta contiene: Metronidazol 500 mg. Envase con 20 tabletas.,1,1
8062502,Chiapas,CSIMB005343,07710,NO,NO,2026-09-15,2026-09-15,010.000.3623.00,Electrolitos Orales, Solución Cada sobre con polvo contiene: Glucosa 20.0 g Cloruro de potasio 1.5 g Cloruro de sodio 3.5 g Citrato trisódico dihidratado 2.9 g Envase con 27.9 g,3,3
8062502,Chiapas,CSIMB005343,07710,NO,NO,2026-09-15,2026-09-15,010.000.0104.00,Paracetamol, Tableta cada tableta contiene: paracetamol 500 mg. envase con 10 tabletas.,1,1
8062648,Chiapas,CSIMB005343,GEG0018,NO,NO,2026-09-15,2026-09-15,010.000.6329.00,IVERMECTINA, TABLETA. CADA TABLETA CONTIENE 6 MG DE IVERMECTINA. CAJA DE CARTONCON 2 TABLETAS.,1,0
8062633,Chiapas,CSIMB005343,GEG0017,NO,NO,2026-09-15,2026-09-15,010.000.2540.00,Telmisartán, Tableta Cada Tableta contiene: Telmisartán 40 mg Envase con 30 Tabletas.,1,1
8062550,Chiapas,CSIMB005343,07713,NO,NO,2026-09-15,2026-09-15,010.000.0106.00,Paracetamol, Solucion oral cada ml contiene: paracetamol 100 mg. envase con 15 ml gotero calibrado a 0.5 y 1 ml integrado o adjunto al envase que sirve de tapa.,1,1
8062550,Chiapas,CSIMB005343,07713,NO,NO,2026-09-15,2026-09-15,010.000.1098.00,Vitaminas A C y D, Solución. Cada ml contiene: Palmitato de Retinol 7000 a 9000 UI. Ácido ascórbico 80 a 125 mg. Colecalciferol 1400 a 1800 UI. Envase con 15 ml.,1,1
8062573,Chiapas,CSIMB005343,07714,NO,NO,2026-09-15,2026-09-15,010.000.1206.00,Butilhioscina o hioscina, Gragea o Tableta Cada Gragea o Tableta contiene: Bromuro de butilhioscina o butilbromuro de hioscina 10 mg Envase con 10 Grageas o Tabletas.,1,0
8062573,Chiapas,CSIMB005343,07714,NO,NO,2026-09-15,2026-09-15,010.000.1242.00,Metoclopramida, Tableta Cada Tableta contiene: Clorhidrato de metoclopramida 10 mg Envase con 20 Tabletas.,1,1
8062648,Chiapas,CSIMB005343,GEG0018,NO,NO,2026-09-15,2026-09-15,010.000.2123.00,Mupirocina, Ungüento Cada 100 gramos contiene: Mupirocina 2 g Envase con 15 g.,1,0
8062667,Chiapas,CSIMB005343,GEG0019,NO,NO,2026-09-15,2026-09-15,010.000.1701.00,Fumarato ferroso, Tableta. Cada tableta contiene: Fumarato ferroso 200 mg equivalente a 65.74 mg de hierro elemental. Envase con 50 Tabletas.,1,1
8062711,Chiapas,CSIMB005343,GEG020,NO,NO,2026-09-15,2026-09-15,010.000.0106.00,Paracetamol, Solucion oral cada ml contiene: paracetamol 100 mg. envase con 15 ml gotero calibrado a 0.5 y 1 ml integrado o adjunto al envase que sirve de tapa.,1,1
8062759,Chiapas,CSIMB005343,JP1406,NO,NO,2026-09-15,2026-09-15,010.000.2129.00,AMOXICILINA ACIDO CLAVULÁNICO, SUSPENSIÓN ORAL CADA FRASCO CON POLVO CONTIENE: AMOXICILINA TRIHIDRATADA EQUIVALENTE A 1.5 G DE AMOXICILINA. CLAVULANATO DE POTASIO EQUIVALENTE A 375 MG DE ÁCIDO CLAVULÁNICO. ENVASE CON 60 ML CADA 5 ML CON 125 MG DE AMOXICILINA Y 31.25 MG ÁCIDO CLAVULÁNICO.,2,2
8062759,Chiapas,CSIMB005343,JP1406,NO,NO,2026-09-15,2026-09-15,010.000.5943.00,Ibuprofeno, Suspensión Oral Cada 100 ml contienen: Ibuprofeno 2 g Envase con 120 ml y medida dosificadora,2,1
8062785,Chiapas,CSIMB005343,JP1407,NO,NO,2026-09-15,2026-09-15,010.000.0106.00,Paracetamol, Solucion oral cada ml contiene: paracetamol 100 mg. envase con 15 ml gotero calibrado a 0.5 y 1 ml integrado o adjunto al envase que sirve de tapa.,2,2
8062785,Chiapas,CSIMB005343,JP1407,NO,NO,2026-09-15,2026-09-15,010.000.1927.00,Dicloxacilina, Suspensión Oral. Cada 5 ml contienen: Dicloxacilina sódica 250 mg Envase con polvo para 60 ml y dosificador.,2,0
8062840,Chiapas,CSIMB005343,JP1408,NO,NO,2026-09-15,2026-09-15,010.000.5941.00,Ibuprofeno, Tableta O Cápsula: Cada Tableta o Cápsula contiene: Ibuprofeno 400 mg Envase con 10 Tabletas o Cápsulas,2,0
8062840,Chiapas,CSIMB005343,JP1408,NO,NO,2026-09-15,2026-09-15,010.000.2814.00,Hipromelosa, Solución Oftálmica al 0.5% Cada ml contiene: Hipromelosa 5 mg Envase con gotero integral con 15 ml.,1,1
8062667,Chiapas,CSIMB005343,GEG0019,NO,NO,2026-09-15,2026-09-15,010.000.1711.00,ÁCIDO FÓLICO, TABLETA. CADA TABLETA CONTIENE: ACIDO FÓLICO 0.4 MG ENVASE CON 90 TABLETAS.,1,1
8062690,Chiapas,CSIMB005343,JP1404,NO,NO,2026-09-15,2026-09-15,010.000.5176.00,Sucralfato, Tableta Cada Tableta contiene: Sucralfato 1 g Envase con 40 Tabletas.,1,0
8062681,Chiapas,CSIMB005343,GEG020,NO,NO,2026-09-15,2026-09-15,010.000.3412.00,INDOMETACINA ,SUPOSITORIO CADA SUPOSITORIO CONTIENE: INDOMETACINA 100 MG ENVASECON 6 SUPOSITORIOS,1,1
8062889,Chiapas,CSIMB005343,JP1411,NO,NO,2026-09-15,2026-09-15,010.000.2018.00,Itraconazol, Cápsula Cada Cápsula contiene: Itraconazol 100 mg Envase con 15 Cápsulas.,2,0
8062889,Chiapas,CSIMB005343,JP1411,NO,NO,2026-09-15,2026-09-15,010.000.5941.00,Ibuprofeno, Tableta O Cápsula: Cada Tableta o Cápsula contiene: Ibuprofeno 400 mg Envase con 10 Tabletas o Cápsulas,1,0
8062854,Chiapas,CSIMB005343,JP1409,NO,NO,2026-09-15,2026-09-15,010.000.6222.00,"ÁCIDO ACETILSALICÍLICO, TABLETAS Cada tableta contiene: Ácido acetilsalicílico 100 mg con o sin recubrimiento", Envase con 28 tabletas.,1,1
8062854,Chiapas,CSIMB005343,JP1409,NO,NO,2026-09-15,2026-09-15,010.000.5941.00,Ibuprofeno, Tableta O Cápsula: Cada Tableta o Cápsula contiene: Ibuprofeno 400 mg Envase con 10 Tabletas o Cápsulas,2,0
8062865,Chiapas,CSIMB005343,JP1410,NO,NO,2026-09-15,2026-09-15,010.000.1926.00,Dicloxacilina, Cápsula o comprimido. Cada cápsula o comprimido contiene: Dicloxacilina sódica 500 mg Envase con 20 Cápsulas o Comprimidos.,1,0
8062865,Chiapas,CSIMB005343,JP1410,NO,NO,2026-09-15,2026-09-15,010.000.0104.00,Paracetamol, Tableta cada tableta contiene: paracetamol 500 mg. envase con 10 tabletas.,1,1
8062909,Chiapas,CSIMB005343,JP1412,NO,NO,2026-09-15,2026-09-15,010.000.5941.00,Ibuprofeno, Tableta O Cápsula: Cada Tableta o Cápsula contiene: Ibuprofeno 400 mg Envase con 10 Tabletas o Cápsulas,2,0
8062909,Chiapas,CSIMB005343,JP1412,NO,NO,2026-09-15,2026-09-15,010.000.0804.00,Óxido de zinc, Pasta Cada 100 g contienen: Óxido de zinc 25. 0 g Envase con 30 g.,2,1
8062723,Chiapas,CSIMB005343,07734,NO,NO,2026-09-15,2026-09-15,010.000.0891.00,Miconazol, Crema Cada gramo contiene: Nitrato de miconazol 20 mg Envase con 20 g.,1,1
8062948,Chiapas,CSIMB005343,JP1413,NO,NO,2026-09-15,2026-09-15,010.000.2821.00,Cloranfenicol, Solución oftálmica. Cada ml contiene: Cloranfenicol levógiro 5 mg Envase con gotero integral con 15 ml.,1,1
8062948,Chiapas,CSIMB005343,JP1413,NO,NO,2026-09-15,2026-09-15,010.000.5941.00,Ibuprofeno, Tableta O Cápsula: Cada Tableta o Cápsula contiene: Ibuprofeno 400 mg Envase con 10 Tabletas o Cápsulas,2,0
8062948,Chiapas,CSIMB005343,JP1413,NO,NO,2026-09-15,2026-09-15,010.000.2144.00,Loratadina, Tableta o gragea. Cada tableta o gragea contienen: Loratadina 10 mg. Envase con 20 tabletas o grageas.,1,0
8062986,Chiapas,CSIMB005343,07716,NO,NO,2026-09-15,2026-09-15,010.000.4241.00,Dexametasona, Solución Inyectable. Cada frasco ámpula o ampolleta contiene: Fosfato sódico de dexametasona equivalente a 8 mg de fosfato de dexametasona. Envase con un frasco ámpula o ampolleta con 2 ml.,3,3
8062986,Chiapas,CSIMB005343,07716,NO,NO,2026-09-15,2026-09-15,010.000.3622.00,ELECTROLITOS ORALES, POLVO (FÓRMULA DE OSMOLARIDAD BAJA) CADA SOBRE CON POLVO CONTIENE: GLUCOSA ANHIDRA O GLUCOSA 13.5 G CLORURO DE POTASIO 1.5 G CLORURO DE SODIO 2.6 G CITRATO TRISÓDICO DIHIDRATADO 2.9 G ENVASE CON 20.5 G,3,0
8062986,Chiapas,CSIMB005343,07716,NO,NO,2026-09-15,2026-09-15,010.000.0402.00,Clorfenamina, Tableta. Cada tableta contiene: Maleato de clorfenamina 4.0 mg Envase con 20 Tabletas.,1,1
8063030,Chiapas,CSIMB005343,JP1414,NO,NO,2026-09-15,2026-09-15,010.000.5941.00,Ibuprofeno, Tableta O Cápsula: Cada Tableta o Cápsula contiene: Ibuprofeno 400 mg Envase con 10 Tabletas o Cápsulas,2,0
8063044,Chiapas,CSIMB005343,JP1415,NO,NO,2026-09-15,2026-09-15,010.000.0655.00,BEZAFIBRATO ,TABLETA CADA TABLETA CONTIENE: BEZAFIBRATO 200 MG ENVASE CON 30TABLETAS,2,2
8063044,Chiapas,CSIMB005343,JP1415,NO,NO,2026-09-15,2026-09-15,010.000.5106.00,Atorvastatina, Tableta Cada Tableta contiene: Atorvastatina cálcica trihidratada equivalente a 20 mg de atorvastatina. Envase con 10 Tabletas.,1,1
8063052,Chiapas,CSIMB005343,JP1416,NO,NO,2026-09-15,2026-09-15,010.000.1940.00,Doxiciclina, Cápsula o Tableta Cada Cápsula o Tableta contiene: Hiclato de doxiciclina equivalente a 100 mg de doxicilina. Envase con 10 Cápsulas o Tabletas.,2,2
8063052,Chiapas,CSIMB005343,JP1416,NO,NO,2026-09-15,2026-09-15,010.000.3417.00,Diclofenaco, Cápsula o gragea de liberación prolongada. Cada gragea contiene: Diclofenaco sódico 100 mg Envase con 20 Cápsulas o Grageas.,1,1
8062723,Chiapas,CSIMB005343,07734,NO,NO,2026-09-15,2026-09-15,010.000.0106.00,Paracetamol, Solucion oral cada ml contiene: paracetamol 100 mg. envase con 15 ml gotero calibrado a 0.5 y 1 ml integrado o adjunto al envase que sirve de tapa.,1,1
8062749,Chiapas,CSIMB005343,JP1405,NO,NO,2026-09-15,2026-09-15,010.000.4126.00,SULFADIAZINA DE PLATA," CREMA 
  Cada 100 gramos contiene: 
  Sulfadiazina de plata 
  micronizada 1 g. 
  Envase con 375 g.",1,1
8062749,Chiapas,CSIMB005343,JP1405,NO,NO,2026-09-15,2026-09-15,010.000.0108.00,Metamizol sodico, Comprimido cada comprimido contiene: metamizol sódico 500 mg. envase con 10 comprimidos.,2,0
8062963,Chiapas,CSIMB005343,07715,NO,NO,2026-09-15,2026-09-15,010.000.1207.00,Butilhioscina o hioscina, Solución Inyectable Cada ampolleta contiene: Bromuro de butilhioscina o butilbromuro de hioscina 20 mg Envase con 3 ampolletas de 1 ml.,1,1
8062963,Chiapas,CSIMB005343,07715,NO,NO,2026-09-15,2026-09-15,010.000.1206.00,Butilhioscina o hioscina, Gragea o Tableta Cada Gragea o Tableta contiene: Bromuro de butilhioscina o butilbromuro de hioscina 10 mg Envase con 10 Grageas o Tabletas.,1,0
8063493,Chiapas,CSIMB005343,07761,NO,NO,2026-09-15,2026-09-15,010.000.2145.00,Loratadina, Jarabe Cada 100 ml contienen: Loratadina 100 mg Envase con 60 ml y dosificador.,1,1
8063576,Chiapas,CSIMB005343,07758,NO,NO,2026-09-15,2026-09-15,010.000.2129.00,AMOXICILINA ACIDO CLAVULÁNICO, SUSPENSIÓN ORAL CADA FRASCO CON POLVO CONTIENE: AMOXICILINA TRIHIDRATADA EQUIVALENTE A 1.5 G DE AMOXICILINA. CLAVULANATO DE POTASIO EQUIVALENTE A 375 MG DE ÁCIDO CLAVULÁNICO. ENVASE CON 60 ML CADA 5 ML CON 125 MG DE AMOXICILINA Y 31.25 MG ÁCIDO CLAVULÁNICO.,1,1
8063576,Chiapas,CSIMB005343,07758,NO,NO,2026-09-15,2026-09-15,010.000.2463.00,Ambroxol, Solución Cada 100 ml contienen: Clorhidrato de ambroxol 300 mg Envase con 120 ml y dosificador.,1,1
8063493,Chiapas,CSIMB005343,07761,NO,NO,2026-09-15,2026-09-15,010.000.3623.00,Electrolitos Orales, Solución Cada sobre con polvo contiene: Glucosa 20.0 g Cloruro de potasio 1.5 g Cloruro de sodio 3.5 g Citrato trisódico dihidratado 2.9 g Envase con 27.9 g,3,0
8067378,Chiapas,CSIMB005343,JP1422,NO,NO,2026-09-16,2026-09-16,010.000.5941.00,Ibuprofeno, Tableta O Cápsula: Cada Tableta o Cápsula contiene: Ibuprofeno 400 mg Envase con 10 Tabletas o Cápsulas,1,0
8063759,Chiapas,CSIMB005343,07736,NO,NO,2026-09-15,2026-09-15,010.000.4255.00,Ciprofloxacino, Cápsula o Tableta Cada Cápsula o Tableta contiene: Clorhidrato de ciprofloxacino monohidratado equivalente a 250 mg de ciprofloxacino. Envase con 8 Cápsulas o Tabletas.,2,0
8063759,Chiapas,CSIMB005343,07736,NO,NO,2026-09-15,2026-09-15,010.000.3407.00,Naproxeno, Tableta Cada Tableta contiene: Naproxeno 250 mg Envase con 30 Tabletas.,1,0
8063743,Chiapas,CSIMB005343,07755,NO,NO,2026-09-15,2026-09-15,010.000.0104.00,Paracetamol, Tableta cada tableta contiene: paracetamol 500 mg. envase con 10 tabletas.,1,1
8063743,Chiapas,CSIMB005343,07755,NO,NO,2026-09-15,2026-09-15,010.000.3623.00,Electrolitos Orales, Solución Cada sobre con polvo contiene: Glucosa 20.0 g Cloruro de potasio 1.5 g Cloruro de sodio 3.5 g Citrato trisódico dihidratado 2.9 g Envase con 27.9 g,3,0
8065293,Chiapas,CSIMB005343,07860,NO,NO,2026-09-16,2026-09-16,010.000.2463.00,Ambroxol, Solución Cada 100 ml contienen: Clorhidrato de ambroxol 300 mg Envase con 120 ml y dosificador.,1,1
8065293,Chiapas,CSIMB005343,07860,NO,NO,2026-09-16,2026-09-16,010.000.2145.00,Loratadina, Jarabe Cada 100 ml contienen: Loratadina 100 mg Envase con 60 ml y dosificador.,1,1
8065297,Chiapas,CSIMB005343,JP1417,NO,NO,2026-09-16,2026-09-16,010.000.0104.00,Paracetamol, Tableta cada tableta contiene: paracetamol 500 mg. envase con 10 tabletas.,2,2
8065297,Chiapas,CSIMB005343,JP1417,NO,NO,2026-09-16,2026-09-16,010.000.2814.00,Hipromelosa, Solución Oftálmica al 0.5% Cada ml contiene: Hipromelosa 5 mg Envase con gotero integral con 15 ml.,1,1
8065302,Chiapas,CSIMB005343,JP1418,NO,NO,2026-09-16,2026-09-16,010.000.2230.00,Amoxicilina acido clavulánico, Tableta Cada Tableta contiene: amoxicilina trihidratada equivalente a 500 mg de amoxilina. Clavulanato de potasio equivalente a 125 mg de ácido clavulánico. Envase con 12 Tabletas.,2,0
8065302,Chiapas,CSIMB005343,JP1418,NO,NO,2026-09-16,2026-09-16,010.000.5941.00,Ibuprofeno, Tableta O Cápsula: Cada Tableta o Cápsula contiene: Ibuprofeno 400 mg Envase con 10 Tabletas o Cápsulas,2,0
8065302,Chiapas,CSIMB005343,JP1418,NO,NO,2026-09-16,2026-09-16,010.000.2433.00,Benzonatato, Perla o Cápsula Cada Perla o Cápsula contiene: Benzonatato 100 mg Envase con 20 Perlas o Cápsulas.,1,1
8065335,Chiapas,CSIMB005343,07788,NO,NO,2026-09-16,2026-09-16,010.000.1930.00,AMPICILINA SUSPENSION ORAL CADA 5 ML CONTIENEN: AMPICILINA TRIHIDRATADAEQUIVALENTE A 250 MG DE AMPICILINA, ENVASE CON POLVO PARA 60 ML Y DOSIFICADOR.,2,0
8065335,Chiapas,CSIMB005343,07788,NO,NO,2026-09-16,2026-09-16,010.000.3419.00,NAPROXENO, SUSPENSIÓN ORAL CADA 5 ML CONTIENEN: NAPROXENO 125 MG ENVASE CON 100 ML.,1,0
8065447,Chiapas,CSIMB005343,07789,NO,NO,2026-09-16,2026-09-16,010.000.1927.00,Dicloxacilina, Suspensión Oral. Cada 5 ml contienen: Dicloxacilina sódica 250 mg Envase con polvo para 60 ml y dosificador.,2,0
8065447,Chiapas,CSIMB005343,07789,NO,NO,2026-09-16,2026-09-16,010.000.3407.00,Naproxeno, Tableta Cada Tableta contiene: Naproxeno 250 mg Envase con 30 Tabletas.,1,0
8065453,Chiapas,CSIMB005343,JP1419,NO,NO,2026-09-16,2026-09-16,010.000.0104.00,Paracetamol, Tableta cada tableta contiene: paracetamol 500 mg. envase con 10 tabletas.,2,2
8065453,Chiapas,CSIMB005343,JP1419,NO,NO,2026-09-16,2026-09-16,010.000.1224.00,Aluminio y magnesio, Suspensión Oral Cada 100 ml contienen: Hidróxido de aluminio 3.7 g Hidróxido de magnesio 4.0 g o trisilicato de magnesio: 8.9 g Envase con 240 ml y dosificador.,1,1
8065453,Chiapas,CSIMB005343,JP1419,NO,NO,2026-09-16,2026-09-16,010.000.0804.00,Óxido de zinc, Pasta Cada 100 g contienen: Óxido de zinc 25. 0 g Envase con 30 g.,1,1
8065458,Chiapas,CSIMB005343,JP1420,NO,NO,2026-09-16,2026-09-16,010.000.5186.00,Pantoprazol o rabeprazol u omeprazol, Tableta o Gragea o Cápsula Cada Tableta o Gragea o Cápsula contiene: Pantoprazol 40 mg o Rabeprazol sódico 20 mg u omeprazol 20 mg Envase con 7 Tabletas o Grageas o Cápsulas,1,1
8065458,Chiapas,CSIMB005343,JP1420,NO,NO,2026-09-16,2026-09-16,010.000.1206.00,Butilhioscina o hioscina, Gragea o Tableta Cada Gragea o Tableta contiene: Bromuro de butilhioscina o butilbromuro de hioscina 10 mg Envase con 10 Grageas o Tabletas.,1,0
8065458,Chiapas,CSIMB005343,JP1420,NO,NO,2026-09-16,2026-09-16,010.000.1224.00,Aluminio y magnesio, Suspensión Oral Cada 100 ml contienen: Hidróxido de aluminio 3.7 g Hidróxido de magnesio 4.0 g o trisilicato de magnesio: 8.9 g Envase con 240 ml y dosificador.,1,1
8065462,Chiapas,CSIMB005343,JP1421,NO,NO,2026-09-16,2026-09-16,010.000.2433.00,Benzonatato, Perla o Cápsula Cada Perla o Cápsula contiene: Benzonatato 100 mg Envase con 20 Perlas o Cápsulas.,1,1
8067331,Chiapas,CSIMB005343,07863,NO,NO,2026-09-16,2026-09-16,010.000.1206.00,Butilhioscina o hioscina, Gragea o Tableta Cada Gragea o Tableta contiene: Bromuro de butilhioscina o butilbromuro de hioscina 10 mg Envase con 10 Grageas o Tabletas.,1,0
8067331,Chiapas,CSIMB005343,07863,NO,NO,2026-09-16,2026-09-16,010.000.5941.00,Ibuprofeno, Tableta O Cápsula: Cada Tableta o Cápsula contiene: Ibuprofeno 400 mg Envase con 10 Tabletas o Cápsulas,1,0
8067366,Chiapas,CSIMB005343,07862,NO,NO,2026-09-16,2026-09-16,010.000.2714.00,Complejo b, Tableta Comprimido o Cápsula. Cada tableta Comprimido o Cápsula contiene: Mononitrato o clorhidrato de Tiamina 100 mg. Clorhidrato de piridoxina 5 mg. Cianocobalamina 50 µg Envase con 30 Tabletas Comprimidos o Cápsulas.,1,1
8067366,Chiapas,CSIMB005343,07862,NO,NO,2026-09-16,2026-09-16,010.000.5941.00,Ibuprofeno, Tableta O Cápsula: Cada Tableta o Cápsula contiene: Ibuprofeno 400 mg Envase con 10 Tabletas o Cápsulas,1,0
8037931,Chiapas,CSIMB005343,7783,NO,NO,2026-09-14,2026-09-14,010.000.2128.00,Amoxicilina,CÁPSULA Cada cápsula contiene: Amoxicilina trihidratada equivalente a 500 mg de amoxicilina. Envase con 12 cápsulas,1,1
8037960,Chiapas,CSIMB005343,7782,NO,NO,2026-09-14,2026-09-14,010.000.2230.00,Amoxicilina acido clavulánico, Tableta Cada Tableta contiene: amoxicilina trihidratada equivalente a 500 mg de amoxilina. Clavulanato de potasio equivalente a 125 mg de ácido clavulánico. Envase con 12 Tabletas.,3,0
8037960,Chiapas,CSIMB005343,7782,NO,NO,2026-09-14,2026-09-14,010.000.1308.00,Metronidazol,TABLETA Cada tableta contiene: Metronidazol 500 mg. Envase con 20 tabletas.,1,1
8037960,Chiapas,CSIMB005343,7782,NO,NO,2026-09-14,2026-09-14,010.000.0104.00,Paracetamol, Tableta cada tableta contiene: paracetamol 500 mg. envase con 10 tabletas.,1,1
8038027,Chiapas,CSIMB005343,GEG0011,NO,NO,2026-09-14,2026-09-14,010.000.1701.00,Fumarato ferroso, Tableta. Cada tableta contiene: Fumarato ferroso 200 mg equivalente a 65.74 mg de hierro elemental. Envase con 50 Tabletas.,2,2
8037886,Chiapas,CSIMB005343,7709,NO,NO,2026-09-14,2026-09-14,010.000.0402.00,Clorfenamina, Tableta. Cada tableta contiene: Maleato de clorfenamina 4.0 mg Envase con 20 Tabletas.,1,1
8037886,Chiapas,CSIMB005343,7709,NO,NO,2026-09-14,2026-09-14,010.000.5941.00,Ibuprofeno, Tableta O Cápsula: Cada Tableta o Cápsula contiene: Ibuprofeno 400 mg Envase con 10 Tabletas o Cápsulas,1,0
8037886,Chiapas,CSIMB005343,7709,NO,NO,2026-09-14,2026-09-14,010.000.2433.00,Benzonatato, Perla o Cápsula Cada Perla o Cápsula contiene: Benzonatato 100 mg Envase con 20 Perlas o Cápsulas.,1,1
8037910,Chiapas,CSIMB005343,GEG0015,NO,NO,2026-09-14,2026-09-14,010.000.6346.00,MEDROXIPROGESTERONA, SUSPENSIÓN INYECTABLE Cada jeringa contiene: Acetato de medroxiprogesterona 104.000 mg Caja con jeringa prellenada (104 mg/0.65 mL) e instructivo anexo.,1,1
8038045,Chiapas,CSIMB005343,GEG0012,NO,NO,2026-09-14,2026-09-14,010.000.2145.00,Loratadina, Jarabe Cada 100 ml contienen: Loratadina 100 mg Envase con 60 ml y dosificador.,2,2
8037984,Chiapas,CSIMB005343,7739,NO,NO,2026-09-14,2026-09-14,010.000.5941.00,Ibuprofeno, Tableta O Cápsula: Cada Tableta o Cápsula contiene: Ibuprofeno 400 mg Envase con 10 Tabletas o Cápsulas,1,0
8037984,Chiapas,CSIMB005343,7739,NO,NO,2026-09-14,2026-09-14,010.000.3111.00,Difenidol, Tableta. Cada tableta contiene: Clorhidrato de difenidol equivalente a 25 mg de difenidol Envase con 30 Tabletas.,1,1
8038012,Chiapas,CSIMB005343,7704,NO,NO,2026-09-14,2026-09-14,010.000.1224.00,Aluminio y magnesio, Suspensión Oral Cada 100 ml contienen: Hidróxido de aluminio 3.7 g Hidróxido de magnesio 4.0 g o trisilicato de magnesio: 8.9 g Envase con 240 ml y dosificador.,2,2
8038012,Chiapas,CSIMB005343,7704,NO,NO,2026-09-14,2026-09-14,010.000.3417.00,Diclofenaco, Cápsula o gragea de liberación prolongada. Cada gragea contiene: Diclofenaco sódico 100 mg Envase con 20 Cápsulas o Grageas.,1,1
8038140,Chiapas,CSIMB005343,7705,NO,NO,2026-09-14,2026-09-14,010.000.2123.00,Mupirocina, Ungüento Cada 100 gramos contiene: Mupirocina 2 g Envase con 15 g.,1,0
8038140,Chiapas,CSIMB005343,7705,NO,NO,2026-09-14,2026-09-14,010.000.3623.00,Electrolitos Orales, Solución Cada sobre con polvo contiene: Glucosa 20.0 g Cloruro de potasio 1.5 g Cloruro de sodio 3.5 g Citrato trisódico dihidratado 2.9 g Envase con 27.9 g,3,3
8038140,Chiapas,CSIMB005343,7705,NO,NO,2026-09-14,2026-09-14,010.000.3623.00,Electrolitos Orales, Solución Cada sobre con polvo contiene: Glucosa 20.0 g Cloruro de potasio 1.5 g Cloruro de sodio 3.5 g Citrato trisódico dihidratado 2.9 g Envase con 27.9 g,3,3
8038070,Chiapas,CSIMB005343,JR0669,NO,NO,2026-09-14,2026-09-14,010.000.5943.00,Ibuprofeno, Suspensión Oral Cada 100 ml contienen: Ibuprofeno 2 g Envase con 120 ml y medida dosificadora,1,1
8038070,Chiapas,CSIMB005343,JR0669,NO,NO,2026-09-14,2026-09-14,010.000.3623.00,Electrolitos Orales, Solución Cada sobre con polvo contiene: Glucosa 20.0 g Cloruro de potasio 1.5 g Cloruro de sodio 3.5 g Citrato trisódico dihidratado 2.9 g Envase con 27.9 g,2,2
8038070,Chiapas,CSIMB005343,JR0669,NO,NO,2026-09-14,2026-09-14,010.000.1243.00,Metoclopramida, Solución Cada ml contiene: Clorhidrato de metoclopramida 4 mg Envase frasco gotero con 20 ml.,1,1
8067404,Chiapas,CSIMB005343,07864,NO,NO,2026-09-16,2026-09-16,010.000.5941.00,Ibuprofeno, Tableta O Cápsula: Cada Tableta o Cápsula contiene: Ibuprofeno 400 mg Envase con 10 Tabletas o Cápsulas,1,0
8067421,Chiapas,CSIMB005343,07866,NO,NO,2026-09-16,2026-09-16,010.000.2145.00,Loratadina, Jarabe Cada 100 ml contienen: Loratadina 100 mg Envase con 60 ml y dosificador.,1,1
8067421,Chiapas,CSIMB005343,07866,NO,NO,2026-09-16,2026-09-16,010.000.2463.00,Ambroxol, Solución Cada 100 ml contienen: Clorhidrato de ambroxol 300 mg Envase con 120 ml y dosificador.,1,1
8067437,Chiapas,CSIMB005343,07865,NO,NO,2026-09-16,2026-09-16,010.000.2463.00,Ambroxol, Solución Cada 100 ml contienen: Clorhidrato de ambroxol 300 mg Envase con 120 ml y dosificador.,1,1
8067437,Chiapas,CSIMB005343,07865,NO,NO,2026-09-16,2026-09-16,010.000.0439.00,Salbutamol, Solución para nebulizador. Cada 100 ml contienen: Sulfato de salbutamol 0.5 g. Envase con 10 ml.,1,0
8067437,Chiapas,CSIMB005343,07865,NO,NO,2026-09-16,2026-09-16,010.000.2145.00,Loratadina, Jarabe Cada 100 ml contienen: Loratadina 100 mg Envase con 60 ml y dosificador.,1,1
8067454,Chiapas,CSIMB005343,JP1423,NO,NO,2026-09-16,2026-09-16,010.000.0106.00,Paracetamol, Solucion oral cada ml contiene: paracetamol 100 mg. envase con 15 ml gotero calibrado a 0.5 y 1 ml integrado o adjunto al envase que sirve de tapa.,2,2
8067454,Chiapas,CSIMB005343,JP1423,NO,NO,2026-09-16,2026-09-16,010.000.2145.00,Loratadina, Jarabe Cada 100 ml contienen: Loratadina 100 mg Envase con 60 ml y dosificador.,2,2
8067454,Chiapas,CSIMB005343,JP1423,NO,NO,2026-09-16,2026-09-16,010.000.0804.00,Óxido de zinc, Pasta Cada 100 g contienen: Óxido de zinc 25. 0 g Envase con 30 g.,2,2
8067390,Chiapas,CSIMB005343,07861,NO,NO,2026-09-16,2026-09-16,010.000.2145.00,Loratadina, Jarabe Cada 100 ml contienen: Loratadina 100 mg Envase con 60 ml y dosificador.,1,1
8067390,Chiapas,CSIMB005343,07861,NO,NO,2026-09-16,2026-09-16,010.000.5943.00,Ibuprofeno, Suspensión Oral Cada 100 ml contienen: Ibuprofeno 2 g Envase con 120 ml y medida dosificadora,1,0
8038682,Chiapas,CSIMB005343,GEG0014,NO,NO,2026-09-14,2026-09-14,010.000.6346.00,MEDROXIPROGESTERONA, SUSPENSIÓN INYECTABLE Cada jeringa contiene: Acetato de medroxiprogesterona 104.000 mg Caja con jeringa prellenada (104 mg/0.65 mL) e instructivo anexo.,1,1
8038166,Chiapas,CSIMB005343,JR0670,NO,NO,2026-09-14,2026-09-14,010.000.1566.00,Nistatina, Óvulo o Tableta Vaginal Cada Óvulo o Tableta contiene: Nistatina 100 000 UI Envase con 12 Óvulos o Tabletas.,1,1
8038166,Chiapas,CSIMB005343,JR0670,NO,NO,2026-09-14,2026-09-14,010.000.1206.00,Butilhioscina o hioscina, Gragea o Tableta Cada Gragea o Tableta contiene: Bromuro de butilhioscina o butilbromuro de hioscina 10 mg Envase con 10 Grageas o Tabletas.,1,0
8038417,Chiapas,CSIMB005343,GEG0013,NO,NO,2026-09-14,2026-09-14,010.000.2129.00,AMOXICILINA ACIDO CLAVULÁNICO, SUSPENSIÓN ORAL CADA FRASCO CON POLVO CONTIENE: AMOXICILINA TRIHIDRATADA EQUIVALENTE A 1.5 G DE AMOXICILINA. CLAVULANATO DE POTASIO EQUIVALENTE A 375 MG DE ÁCIDO CLAVULÁNICO. ENVASE CON 60 ML CADA 5 ML CON 125 MG DE AMOXICILINA Y 31.25 MG ÁCIDO CLAVULÁNICO.,1,1
8038417,Chiapas,CSIMB005343,GEG0013,NO,NO,2026-09-14,2026-09-14,010.000.2463.00,Ambroxol, Solución Cada 100 ml contienen: Clorhidrato de ambroxol 300 mg Envase con 120 ml y dosificador.,1,1
8038417,Chiapas,CSIMB005343,GEG0013,NO,NO,2026-09-14,2026-09-14,010.000.0106.00,Paracetamol, Solucion oral cada ml contiene: paracetamol 100 mg. envase con 15 ml gotero calibrado a 0.5 y 1 ml integrado o adjunto al envase que sirve de tapa.,1,1
8067571,Chiapas,CSIMB005343,JP1423,NO,NO,2026-09-16,2026-09-16,010.000.0106.00,Paracetamol, Solucion oral cada ml contiene: paracetamol 100 mg. envase con 15 ml gotero calibrado a 0.5 y 1 ml integrado o adjunto al envase que sirve de tapa.,2,2
8067571,Chiapas,CSIMB005343,JP1423,NO,NO,2026-09-16,2026-09-16,010.000.2145.00,Loratadina, Jarabe Cada 100 ml contienen: Loratadina 100 mg Envase con 60 ml y dosificador.,2,2
8067571,Chiapas,CSIMB005343,JP1423,NO,NO,2026-09-16,2026-09-16,010.000.0804.00,Óxido de zinc, Pasta Cada 100 g contienen: Óxido de zinc 25. 0 g Envase con 30 g.,2,2
8038393,Chiapas,CSIMB005343,7706,NO,NO,2026-09-14,2026-09-14,010.000.1206.00,Butilhioscina o hioscina, Gragea o Tableta Cada Gragea o Tableta contiene: Bromuro de butilhioscina o butilbromuro de hioscina 10 mg Envase con 10 Grageas o Tabletas.,1,0
8038377,Chiapas,CSIMB005343,GEG0012,NO,NO,2026-09-14,2026-09-14,010.000.1702.00,Fumarato ferroso, Suspensión Oral. Cada ml contiene: Fumarato ferroso 29 mg equivalente a 9.53 mg de hierro elemental. Envase con 120 ml.,1,0
8038393,Chiapas,CSIMB005343,7706,NO,NO,2026-09-14,2026-09-14,010.000.1242.00,Metoclopramida, Tableta Cada Tableta contiene: Clorhidrato de metoclopramida 10 mg Envase con 20 Tabletas.,1,1
8038510,Chiapas,CSIMB005343,7707,NO,NO,2026-09-14,2026-09-14,010.000.1206.00,Butilhioscina o hioscina, Gragea o Tableta Cada Gragea o Tableta contiene: Bromuro de butilhioscina o butilbromuro de hioscina 10 mg Envase con 10 Grageas o Tabletas.,1,0
8038510,Chiapas,CSIMB005343,7707,NO,NO,2026-09-14,2026-09-14,010.000.0104.00,Paracetamol, Tableta cada tableta contiene: paracetamol 500 mg. envase con 10 tabletas.,1,1
8038510,Chiapas,CSIMB005343,7707,NO,NO,2026-09-14,2026-09-14,010.000.3623.00,Electrolitos Orales, Solución Cada sobre con polvo contiene: Glucosa 20.0 g Cloruro de potasio 1.5 g Cloruro de sodio 3.5 g Citrato trisódico dihidratado 2.9 g Envase con 27.9 g,3,3
8067756,Chiapas,CSIMB005343,07867,NO,NO,2026-09-16,2026-09-16,010.000.5943.00,Ibuprofeno, Suspensión Oral Cada 100 ml contienen: Ibuprofeno 2 g Envase con 120 ml y medida dosificadora,1,0
8068048,Chiapas,CSIMB005343,07868,NO,NO,2026-09-16,2026-09-16,010.000.2144.00,Loratadina, Tableta o gragea. Cada tableta o gragea contienen: Loratadina 10 mg. Envase con 20 tabletas o grageas.,1,0
8038661,Chiapas,CSIMB005343,7708,NO,NO,2026-09-14,2026-09-14,010.000.4184.00,Loperamida, Comprimido tableta o gragea. Cada comprimido tableta o gragea contiene: Clorhidrato de loperamida 2 mg. Envase con 12 comprimidos tabletas o grageas.,1,1
8038661,Chiapas,CSIMB005343,7708,NO,NO,2026-09-14,2026-09-14,010.000.1344.00,Albendazol, Tableta Cada Tableta contiene: albendazol 200 mg Envase con 2 Tabletas.,3,3
8038702,Chiapas,CSIMB005343,JR0671,NO,NO,2026-09-14,2026-09-14,010.000.3417.00,Diclofenaco, Cápsula o gragea de liberación prolongada. Cada gragea contiene: Diclofenaco sódico 100 mg Envase con 20 Cápsulas o Grageas.,1,1
8038702,Chiapas,CSIMB005343,JR0671,NO,NO,2026-09-14,2026-09-14,010.000.3415.00,PIROXICAM, CAPSULA O TABLETA CADA CAPSULA O TABLETA CONTIENE: PIROXICAM 20 MGENVASE CON 20 CAPSULAS O TABLETAS,1,0
8038716,Chiapas,CSIMB005343,7740,NO,NO,2026-09-14,2026-09-14,010.000.5186.00,Pantoprazol o rabeprazol u omeprazol, Tableta o Gragea o Cápsula Cada Tableta o Gragea o Cápsula contiene: Pantoprazol 40 mg o Rabeprazol sódico 20 mg u omeprazol 20 mg Envase con 7 Tabletas o Grageas o Cápsulas,1,1
8068690,Chiapas,CSIMB005343,07869,NO,NO,2026-09-16,2026-09-16,010.000.2144.00,Loratadina, Tableta o gragea. Cada tableta o gragea contienen: Loratadina 10 mg. Envase con 20 tabletas o grageas.,1,0
8068690,Chiapas,CSIMB005343,07869,NO,NO,2026-09-16,2026-09-16,010.000.2462.00,Ambroxol, Comprimido Cada Comprimido contiene: Clorhidrato de ambroxol 30 mg Envase con 20 Comprimidos.,1,1
8068690,Chiapas,CSIMB005343,07869,NO,NO,2026-09-16,2026-09-16,010.000.5941.00,Ibuprofeno, Tableta O Cápsula: Cada Tableta o Cápsula contiene: Ibuprofeno 400 mg Envase con 10 Tabletas o Cápsulas,1,0
8068701,Chiapas,CSIMB005343,JP1424,NO,NO,2026-09-16,2026-09-16,010.000.1903.00,Trimetoprima-sulfametoxazol, Comprimido o Tableta Cada Comprimido o Tableta contiene: Trimetoprima 80 mg Sulfametoxazol 400 mg Envase con 20 Comprimidos o Tabletas.,2,2
8068681,Chiapas,CSIMB005343,07791,NO,NO,2026-09-16,2026-09-16,010.000.2128.01,Amoxicilina, Cápsula Cada Cápsula contiene: Amoxicilina trihidratada equivalente a 500 mg de amoxicilina. Envase con 15 Cápsulas.,2,2
8068681,Chiapas,CSIMB005343,07791,NO,NO,2026-09-16,2026-09-16,010.000.0104.00,Paracetamol, Tableta cada tableta contiene: paracetamol 500 mg. envase con 10 tabletas.,1,1
8068719,Chiapas,CSIMB005343,JP1425,NO,NO,2026-09-16,2026-09-16,010.000.2230.00,Amoxicilina acido clavulánico, Tableta Cada Tableta contiene: amoxicilina trihidratada equivalente a 500 mg de amoxilina. Clavulanato de potasio equivalente a 125 mg de ácido clavulánico. Envase con 12 Tabletas.,2,0
8068719,Chiapas,CSIMB005343,JP1425,NO,NO,2026-09-16,2026-09-16,010.000.0104.00,Paracetamol, Tableta cada tableta contiene: paracetamol 500 mg. envase con 10 tabletas.,2,2
8068719,Chiapas,CSIMB005343,JP1425,NO,NO,2026-09-16,2026-09-16,010.000.2144.00,Loratadina, Tableta o gragea. Cada tableta o gragea contienen: Loratadina 10 mg. Envase con 20 tabletas o grageas.,1,0
8068734,Chiapas,CSIMB005343,JP1427,NO,NO,2026-09-16,2026-09-16,010.000.1911.00,Nitrofurantoína, Cápsula Cada Cápsula contiene: Nitrofurantoína 100 mg Envase con 40 Cápsulas.,1,1
8068701,Chiapas,CSIMB005343,JP1424,NO,NO,2026-09-16,2026-09-16,010.000.5943.00,Ibuprofeno, Suspensión Oral Cada 100 ml contienen: Ibuprofeno 2 g Envase con 120 ml y medida dosificadora,2,0
8068701,Chiapas,CSIMB005343,JP1424,NO,NO,2026-09-16,2026-09-16,010.000.1206.00,Butilhioscina o hioscina, Gragea o Tableta Cada Gragea o Tableta contiene: Bromuro de butilhioscina o butilbromuro de hioscina 10 mg Envase con 10 Grageas o Tabletas.,1,0
8071715,Chiapas,CSIMB005343,7284,NO,NO,2026-09-06,2026-09-06,010.000.0106.00,Paracetamol, Solucion oral cada ml contiene: paracetamol 100 mg. envase con 15 ml gotero calibrado a 0.5 y 1 ml integrado o adjunto al envase que sirve de tapa.,1,1
8069051,Chiapas,CSIMB005343,JP1428,NO,NO,2026-09-16,2026-09-16,010.000.1224.00,Aluminio y magnesio, Suspensión Oral Cada 100 ml contienen: Hidróxido de aluminio 3.7 g Hidróxido de magnesio 4.0 g o trisilicato de magnesio: 8.9 g Envase con 240 ml y dosificador.,1,1
8069051,Chiapas,CSIMB005343,JP1428,NO,NO,2026-09-16,2026-09-16,010.000.0408.00,Clorfenamina, Jarabe. Cada mililitro contiene: Maleato de clorfenamina 0.5 mg Envase con 60 ml.,1,1
8070404,Chiapas,CSIMB005343,JP1431,NO,NO,2026-09-16,2026-09-16,010.000.2128.01,Amoxicilina, Cápsula Cada Cápsula contiene: Amoxicilina trihidratada equivalente a 500 mg de amoxicilina. Envase con 15 Cápsulas.,2,2
8070404,Chiapas,CSIMB005343,JP1431,NO,NO,2026-09-16,2026-09-16,010.000.5941.00,Ibuprofeno, Tableta O Cápsula: Cada Tableta o Cápsula contiene: Ibuprofeno 400 mg Envase con 10 Tabletas o Cápsulas,2,0
8070404,Chiapas,CSIMB005343,JP1431,NO,NO,2026-09-16,2026-09-16,010.000.2144.00,Loratadina, Tableta o gragea. Cada tableta o gragea contienen: Loratadina 10 mg. Envase con 20 tabletas o grageas.,1,0
8070412,Chiapas,CSIMB005343,JP1432,NO,NO,2026-09-16,2026-09-16,010.000.2433.00,Benzonatato, Perla o Cápsula Cada Perla o Cápsula contiene: Benzonatato 100 mg Envase con 20 Perlas o Cápsulas.,1,1
8070451,Chiapas,CSIMB005343,JP1434,NO,NO,2026-09-16,2026-09-16,010.000.2128.01,Amoxicilina, Cápsula Cada Cápsula contiene: Amoxicilina trihidratada equivalente a 500 mg de amoxicilina. Envase con 15 Cápsulas.,2,2
8070451,Chiapas,CSIMB005343,JP1434,NO,NO,2026-09-16,2026-09-16,010.000.5941.00,Ibuprofeno, Tableta O Cápsula: Cada Tableta o Cápsula contiene: Ibuprofeno 400 mg Envase con 10 Tabletas o Cápsulas,2,0
8070451,Chiapas,CSIMB005343,JP1434,NO,NO,2026-09-16,2026-09-16,010.000.2144.00,Loratadina, Tableta o gragea. Cada tableta o gragea contienen: Loratadina 10 mg. Envase con 20 tabletas o grageas.,1,0
8070463,Chiapas,CSIMB005343,JP1435,NO,NO,2026-09-16,2026-09-16,010.000.2433.00,Benzonatato, Perla o Cápsula Cada Perla o Cápsula contiene: Benzonatato 100 mg Envase con 20 Perlas o Cápsulas.,2,2
8071711,Chiapas,CSIMB005343,7283,NO,NO,2026-09-06,2026-09-06,010.000.1903.00,Trimetoprima-sulfametoxazol, Comprimido o Tableta Cada Comprimido o Tableta contiene: Trimetoprima 80 mg Sulfametoxazol 400 mg Envase con 20 Comprimidos o Tabletas.,1,1
8071711,Chiapas,CSIMB005343,7283,NO,NO,2026-09-06,2026-09-06,010.000.2126.00,Aciclovir, Comprimido o Tableta Cada Comprimido o Tableta contiene: Aciclovir 400 mg Envase con 35 Comprimidos o Tabletas.,1,1
8071711,Chiapas,CSIMB005343,7283,NO,NO,2026-09-06,2026-09-06,010.000.3417.00,Diclofenaco, Cápsula o gragea de liberación prolongada. Cada gragea contiene: Diclofenaco sódico 100 mg Envase con 20 Cápsulas o Grageas.,1,1
8071763,Chiapas,CSIMB005343,7605,NO,NO,2026-09-06,2026-09-06,010.000.1929.00,AMPICILINA TABLETA O CAPSULA CADA TABLETA O CAPSULA CONTIENE: AMPICILINAANHIDRA O AMPICILINA TRIHIDRATADA EQUIVALENTE A 500 MG DE AMPICILINA, ENVASECON 20 TABLETAS O CAPSULAS.,1,1
8071763,Chiapas,CSIMB005343,7605,NO,NO,2026-09-06,2026-09-06,010.000.0104.00,Paracetamol, Tableta cada tableta contiene: paracetamol 500 mg. envase con 10 tabletas.,1,1
8071779,Chiapas,CSIMB005343,7607,NO,NO,2026-09-06,2026-09-06,010.000.6007.01,Dapagliflozina, Tableta. Cada tableta contiene: Dapagliflozina propanodiol equivalente a 10 mg de dapagliflozina. Envase con 28 tabletas.,2,2
8071779,Chiapas,CSIMB005343,7607,NO,NO,2026-09-06,2026-09-06,010.000.5186.00,Pantoprazol o rabeprazol u omeprazol, Tableta o Gragea o Cápsula Cada Tableta o Gragea o Cápsula contiene: Pantoprazol 40 mg o Rabeprazol sódico 20 mg u omeprazol 20 mg Envase con 7 Tabletas o Grageas o Cápsulas,3,3
8071779,Chiapas,CSIMB005343,7607,NO,NO,2026-09-06,2026-09-06,010.000.2128.01,Amoxicilina, Cápsula Cada Cápsula contiene: Amoxicilina trihidratada equivalente a 500 mg de amoxicilina. Envase con 15 Cápsulas.,2,2
8069573,Chiapas,CSIMB005343,JP1429,NO,NO,2026-09-16,2026-09-16,010.000.1911.00,Nitrofurantoína, Cápsula Cada Cápsula contiene: Nitrofurantoína 100 mg Envase con 40 Cápsulas.,2,2
8069573,Chiapas,CSIMB005343,JP1429,NO,NO,2026-09-16,2026-09-16,010.000.0104.00,Paracetamol, Tableta cada tableta contiene: paracetamol 500 mg. envase con 10 tabletas.,2,2
8069651,Chiapas,CSIMB005343,JP1430,NO,NO,2026-09-16,2026-09-16,010.000.3622.00,ELECTROLITOS ORALES, POLVO (FÓRMULA DE OSMOLARIDAD BAJA) CADA SOBRE CON POLVO CONTIENE: GLUCOSA ANHIDRA O GLUCOSA 13.5 G CLORURO DE POTASIO 1.5 G CLORURO DE SODIO 2.6 G CITRATO TRISÓDICO DIHIDRATADO 2.9 G ENVASE CON 20.5 G,1,0
8069651,Chiapas,CSIMB005343,JP1430,NO,NO,2026-09-16,2026-09-16,010.000.1310.00,Metronidazol, Suspensión Oral Cada 5 ml contienen: Benzoilo de metronidazol equivalente a 250 mg de metronidazol. Envase con 120 ml y dosificador.,1,1
8070430,Chiapas,CSIMB005343,JP1433,NO,NO,2026-09-16,2026-09-16,010.000.2128.01,Amoxicilina, Cápsula Cada Cápsula contiene: Amoxicilina trihidratada equivalente a 500 mg de amoxicilina. Envase con 15 Cápsulas.,2,2
8070430,Chiapas,CSIMB005343,JP1433,NO,NO,2026-09-16,2026-09-16,010.000.5941.00,Ibuprofeno, Tableta O Cápsula: Cada Tableta o Cápsula contiene: Ibuprofeno 400 mg Envase con 10 Tabletas o Cápsulas,2,0
8070430,Chiapas,CSIMB005343,JP1433,NO,NO,2026-09-16,2026-09-16,010.000.2144.00,Loratadina, Tableta o gragea. Cada tableta o gragea contienen: Loratadina 10 mg. Envase con 20 tabletas o grageas.,1,0
8071715,Chiapas,CSIMB005343,7284,NO,NO,2026-09-06,2026-09-06,010.000.2129.00,AMOXICILINA ACIDO CLAVULÁNICO, SUSPENSIÓN ORAL CADA FRASCO CON POLVO CONTIENE: AMOXICILINA TRIHIDRATADA EQUIVALENTE A 1.5 G DE AMOXICILINA. CLAVULANATO DE POTASIO EQUIVALENTE A 375 MG DE ÁCIDO CLAVULÁNICO. ENVASE CON 60 ML CADA 5 ML CON 125 MG DE AMOXICILINA Y 31.25 MG ÁCIDO CLAVULÁNICO.,2,2
8071715,Chiapas,CSIMB005343,7284,NO,NO,2026-09-06,2026-09-06,010.000.2145.00,Loratadina, Jarabe Cada 100 ml contienen: Loratadina 100 mg Envase con 60 ml y dosificador.,1,1
8071725,Chiapas,CSIMB005343,7285,NO,NO,2026-09-06,2026-09-06,010.000.2145.00,Loratadina, Jarabe Cada 100 ml contienen: Loratadina 100 mg Envase con 60 ml y dosificador.,1,1
8071725,Chiapas,CSIMB005343,7285,NO,NO,2026-09-06,2026-09-06,010.000.2463.00,Ambroxol, Solución Cada 100 ml contienen: Clorhidrato de ambroxol 300 mg Envase con 120 ml y dosificador.,1,1
8071734,Chiapas,CSIMB005343,7287,NO,NO,2026-09-06,2026-09-06,010.000.2144.00,Loratadina, Tableta o gragea. Cada tableta o gragea contienen: Loratadina 10 mg. Envase con 20 tabletas o grageas.,1,0
8071734,Chiapas,CSIMB005343,7287,NO,NO,2026-09-06,2026-09-06,010.000.0104.00,Paracetamol, Tableta cada tableta contiene: paracetamol 500 mg. envase con 10 tabletas.,1,1
8071734,Chiapas,CSIMB005343,7287,NO,NO,2026-09-06,2026-09-06,010.000.2520.00,Losartán, Gragea o comprimido recubierto. Cada gragea o comprimido recubierto contiene: Losartán potásico 50 mg. Envase con 30 grageas o comprimidos recubiertos.,1,1
8071745,Chiapas,CSIMB005343,7288,NO,NO,2026-09-06,2026-09-06,010.000.0109.00,Metamizol sodico, Solucion inyectable cada ampolleta contiene: metamizol sódico 1 g. envase con 3 ampolletas con 2 ml.,1,1
8071745,Chiapas,CSIMB005343,7288,NO,NO,2026-09-06,2026-09-06,010.000.3422.00,Ketorolaco ,solucion inyectable cada frasco ámpula o ampolleta contiene: ketorolaco-trometamina 30 mg envase con 3 frascos ámpula o 3 ampolletas de 1 ml,1,1
8071772,Chiapas,CSIMB005343,7606,NO,NO,2026-09-06,2026-09-06,010.000.5186.00,Pantoprazol o rabeprazol u omeprazol, Tableta o Gragea o Cápsula Cada Tableta o Gragea o Cápsula contiene: Pantoprazol 40 mg o Rabeprazol sódico 20 mg u omeprazol 20 mg Envase con 7 Tabletas o Grageas o Cápsulas,1,1
8071772,Chiapas,CSIMB005343,7606,NO,NO,2026-09-06,2026-09-06,010.000.1206.00,Butilhioscina o hioscina, Gragea o Tableta Cada Gragea o Tableta contiene: Bromuro de butilhioscina o butilbromuro de hioscina 10 mg Envase con 10 Grageas o Tabletas.,1,1
8071772,Chiapas,CSIMB005343,7606,NO,NO,2026-09-06,2026-09-06,010.000.0108.00,Metamizol sodico, Comprimido cada comprimido contiene: metamizol sódico 500 mg. envase con 10 comprimidos.,1,0
8071745,Chiapas,CSIMB005343,7288,NO,NO,2026-09-06,2026-09-06,010.000.2520.00,Losartán, Gragea o comprimido recubierto. Cada gragea o comprimido recubierto contiene: Losartán potásico 50 mg. Envase con 30 grageas o comprimidos recubiertos.,1,1
8071755,Chiapas,CSIMB005343,7289,NO,NO,2026-09-06,2026-09-06,010.000.0439.00,Salbutamol, Solución para nebulizador. Cada 100 ml contienen: Sulfato de salbutamol 0.5 g. Envase con 10 ml.,1,1
8071755,Chiapas,CSIMB005343,7289,NO,NO,2026-09-06,2026-09-06,010.000.2187.00,Ipratropio, Solución Cada 100 ml contienen: Bromuro de ipratropio monohidratado equivalente a 25 mg de bromuro de ipratropio. Envase con frasco ámpula con 20 ml.,1,1
